index,text,praise,amusement,anger,disapproval,confusion,interest,sadness,fear,joy,love
0,"Yeah that's about what I found. Not that specific page but I got into ""My Profile"" ",0,1,0,0,0,0,0,0,0,0
1,"First bad melee, then off the sticks.. what next?",0,0,0,0,1,0,0,0,0,0
2,I'm so sorry! I hope you are doing better!,1,0,0,0,0,0,1,0,1,0
3,Tough deal haha. The recall just happened though so you may still have time.,0,0,0,0,1,0,0,0,0,0
4,"[NAME], [NAME], [NAME], hey [NAME]. [NAME]! I’m a prostitute robot from the future.",1,0,0,0,0,0,0,0,0,0
5,Nah when Telus does it so will Koodo since fido did,0,0,0,0,1,0,0,0,0,0
6,"Desperately miss this, [NAME] was one of my favourites at finishing with big choruses ",0,0,0,0,0,0,0,0,0,1
7,Damn. And loosing all Progress on the first Char ?,0,0,0,0,0,0,1,1,0,0
8,My First thought too! I get really bad stress knots in my neck and shoulders. I just don’t dare to ask every Damn day it hurts,0,0,0,0,0,0,1,0,0,0
9,I have no idea if this is sarcasm...,0,1,0,0,0,0,0,0,0,0
10,Software Engineering; had a knack for it at a young age and pretty much always knew that's what I was going to do. Yes. Extremely.,1,0,0,0,0,0,0,0,0,0
11,Depends how big it is. This print probably took at about an hour and 15 mins. 2 hours at most.,0,0,0,0,1,0,0,0,0,0
12,"Yes, yes he did",1,0,0,0,0,0,0,0,0,0
13,Can't stand having sex with you...?? Just horrible thing to say... You deserve better!!!,0,0,1,0,0,0,0,0,0,0
14,Just look at Speedwagon. That man is... a beauty to say the least.,1,0,0,0,0,0,0,0,0,0
15,"IT SEEMS THAT YOU ARE GOING TO APPROVE ME, I HOPE DO NOT PASS THE SAME AS WITH THE OTHER GIRL ... 😳",0,0,0,0,0,0,0,0,1,0
16,You care more about their actions in that case.,0,0,0,0,0,0,0,0,0,1
17,You’d think the higher ups would look at how much these law suits are costing and tell their boys and girls to tone it the fuck down.,0,0,0,0,1,0,0,0,0,0
18,please don’t make me have to bring up fire emblem in trader joe’s again i can never go back,0,0,0,0,0,0,1,0,0,0
19,Which has me believing [NAME] will either be a package for a pitcher with CC’s recent health issue...or he will stay and switch positions.,0,0,0,0,0,0,0,0,0,0
20,"...I mean, that part isn't necessarily wrong. It's Iowa...",1,0,0,0,0,0,0,0,0,0
21,Hedonism at it's finest,1,0,0,0,0,0,0,0,0,0
22,He's manipulating you by using his mental illness as an excuse for his behavior. He knows what he's doing too.,1,0,0,0,0,0,0,0,0,0
23,[NAME] “sociopath”.,0,0,0,0,1,0,0,0,0,0
24,"Same, hopefully it’s there in 15 years so people have the opportunity to look at it and pick a different brand.",0,0,0,0,0,0,0,0,1,0
25,...and that's the second time I got crabs.,0,0,0,0,1,0,0,0,0,0
26,Choking/strangulation is one of the strongest predictors of more severe future violence. Absolutely press charges and take whatever other steps you need to be safe.,0,0,0,0,1,0,0,0,0,0
27,You’re right :(,0,0,0,0,0,0,0,0,0,0
28,Silence and For Greater Glory,0,0,0,0,1,0,0,0,0,0
29,It’s really hard to watch for some people because of how awkward and... just how stupid [NAME] is in this episode,0,0,0,0,1,0,1,0,0,0
30,that sounds fun!,0,1,0,0,0,0,0,0,0,0
31,There isn’t a perk tree for strategy. Either illusion or maybe pickpocket... or sneak.,0,0,0,1,0,0,0,0,0,0
32,"Saw this yesterday and it's way funnier with the whole joke spoiled by the /r/bestof title, for sure. ",0,1,0,1,0,0,0,0,0,0
33,"Not for me. The ankle area is the least painful, compared to the rest of your body ",0,0,0,0,0,0,0,0,1,0
34,Actually the Bills’ current uniforms make them look like the 1980-1999 Giants,0,0,0,0,0,0,0,0,1,0
35,Having met [NAME] wife (figuratively)... I reckon [NAME] is a bit of a monster...,1,0,0,0,0,0,0,0,0,0
36,Please don’t marry this man-child.,0,0,0,0,1,0,0,0,0,0
37,Holy shit. Those guys are scumbags. I'm so sorry you had to go through such an awful roleplay.,0,0,1,0,1,0,0,0,0,1
38,"Emotions are temporary. That's why we have multiple different ones. If you were permanently happy, you'd never feel sadness or envy or anger again. ",0,0,1,0,0,0,1,0,0,1
39,What happened to your previous account?,0,0,0,0,0,1,0,0,0,0
40,That's your justification? You're a terrible person. Correction: You're a terrible child. Get some help.,0,0,0,0,0,0,0,1,0,0
41,At least the shots we're getting are counting. Edit : LIKE THAT WOOOO,0,0,0,0,1,0,0,0,0,0
42,"Its the absolute lunacy of liberals when they see a MAGA hat, that baffles me. ",0,0,0,0,1,0,0,0,0,0
43,The poor dude.....pray for him.,0,0,0,0,0,0,0,0,0,1
44,"Wouldn't it just be enough to be really interesting is to go through the arguments. However, I would guess this is the most symmetric of these.",0,0,0,0,0,1,0,0,1,0
45,Self confidence I think and the fact that I’m scared if I do give all of myself to some that they won’t reciprocate.,0,0,0,0,1,0,0,0,0,0
46,[NAME] will need to pray to The [NAME] dad doesn’t come down on him with great vengeance.,0,0,0,0,1,0,0,0,0,0
47,[NAME]. She's always so busy. I'm glad she finally got to relax....,0,0,0,0,0,0,0,0,1,0
48,That'll teach 'em. I bet they won't do that again!,0,0,0,0,1,0,0,0,0,0
49,Now THAT is a murder by words!,0,0,1,0,0,0,0,0,0,0
50,"[NAME] was born that way, huh",0,0,0,0,1,0,0,0,0,0
51,The third period is going to be uncomfortable and I preemptively hate it.,0,0,1,0,0,0,0,0,0,0
52,Same thing happened (to a slightly lesser degree) with [NAME] last year and it made for a lot of heartbreak that some never quite got over.,0,0,0,0,0,0,1,0,0,0
53,"Indeed. Ex-NY area cop here, similar to dirtbag, shitbird, and fuckstick, but more acceptable for TV.",0,0,0,0,1,0,0,0,0,0
54,That isn't in the rule.,0,0,0,1,0,0,0,0,0,0
55,[NAME]. Snap me good baby.,0,0,0,0,0,1,0,0,0,0
56,If only there was a league of sorts of higher ranked play that they could watch. Oh well.,0,0,0,0,0,0,1,0,0,0
57,The Keystone Pipeline brings in oil from Canada. As long as Canada keeps fucking over the [NAME] they'll be on good terms with the US.,1,0,0,0,0,0,0,0,0,1
58,I like the fact that you like it a lot.,0,0,0,0,0,0,0,0,0,1
59,Don't forget about the Kraken!,0,0,0,0,0,0,0,1,0,0
60,Right? It’s not like her family seems like they wouldn’t have helped with her son.,0,0,0,0,0,1,0,0,0,0
61,This argument makes zero sense. The same tax exclusions and exemptions that were around when the marginal rate was at 90 are not around today.,0,0,1,0,0,0,0,0,0,0
62,Probably the thief trashed the place,0,0,0,0,1,0,0,0,0,0
63,Welcome to Reddit!,0,1,0,0,0,0,0,0,0,0
64,"Same. The low cloud is neat, but to me the emptiness of that area of downtown is what's striking.",1,0,0,0,0,0,0,0,0,0
65,"Having grown up at that dog park, it's definitely crowded more or less at all hours. Lots of retired folks in that area. ",0,0,0,0,1,0,0,0,0,0
66,Like and share,0,0,0,0,1,0,0,0,0,0
67,If the anime really ends that way there’s no way I see [NAME] and [NAME] get back together.,0,0,0,0,1,0,0,0,0,0
68,Thank you for your service,0,0,0,0,0,0,0,0,0,1
69,The ID cards wouldn't have been a problem if they were like the EU one. It was the fuckload of biometric data that was abhorrent.,0,0,1,0,0,0,0,0,0,0
70,"Well being very close to the border, I know lots of [NAME] and your guys' hugs are always warm!",0,0,0,0,0,0,0,0,1,0
71,Everyone is a little toxic inside. I feel like killers being toxic comes from survivors being toxic and vice versa. It's a vicious cycle.,0,0,0,0,0,0,1,0,0,0
72,Saw this on the front page and that was the only thing i could think of!,0,0,0,0,0,0,0,1,0,0
73,We‘re looking good so far,1,0,0,0,0,0,0,0,1,0
74,I like to think [NAME] is finishing the school year before coming back home.,0,0,0,0,1,0,0,0,0,0
75,"So it *was* you I saw in the window in De Wallen, then? :D",0,0,0,0,1,0,0,0,0,0
76,"""*You can sifu stance your bitchass on outta here!""*",1,0,0,0,0,0,0,0,0,0
77,He thought that was a good idea...,0,0,0,0,1,0,0,0,0,0
78,"It serves as quite a lesson to anyone, don't you think?",0,0,0,0,1,0,0,0,0,0
79,Not really if they are busy. They may not even take a break. But again if they are regularly not responding than it is probably an issue.,0,0,0,1,0,0,0,0,1,1
80,"Would mr [NAME] really ever say ""to the max""?",0,0,0,0,1,0,0,0,0,0
81,"I mean, if I make it look like an accident, just think of all the ribs I can buy with the insurance money... ",0,0,0,0,1,0,0,0,0,0
82,He's just keeping the pieces warm for you.,0,0,0,0,1,0,0,0,0,0
83,Passed a CR England driver last week who had his phone mounted in the middle of his windshield with video playing. Blatant retardism,0,0,0,0,0,0,1,0,0,0
84,Or minor son - this news is about two female chiefs being accused of molesting two male trainees.,0,0,1,0,0,0,0,0,0,0
85,It’s starting to sound like this season of The Bachelor.,0,0,0,0,0,0,0,0,1,0
86,"True, we take pink and black pills daily, even some stacies are conscious of world around them being a grim place.",1,0,0,0,0,0,0,0,0,0
87,Yea the refs weren't terrible all game or anything,0,0,0,0,0,0,0,1,0,0
88,"I'm expressing my distaste at the absurdity of being an internet outrage hero and hypocritical selective outrage, especially in an area such as black music.",0,0,0,0,1,0,0,0,0,0
89,I think she looked perfect beforehand. They're just too big!,1,0,0,0,0,0,0,0,0,0
90,>I am someone who is easily distracted I'm putting off work to do this survey :(,0,0,0,0,1,0,0,0,0,0
91,I will. If you ever need help I ain’t afraid to put some people straight just holla.,0,0,0,1,0,0,0,0,1,0
92,is a recent article interesting read.,0,0,0,0,1,0,0,0,0,0
93,Just get divorced and be roommates.‍♀️,0,0,0,0,1,0,0,0,0,0
94,"> ""I have full confidence in [NAME]..."" *Now* you are being diplomatic.",0,0,0,0,1,0,0,0,0,0
95,Take them out of his care and into the care of someone who can watch them until you are able to protect them yourself.,0,0,0,0,1,0,0,0,0,0
96,cross post to /r/palestine they will love this,0,0,0,0,0,0,0,0,0,1
97,this is a fun and cute presentation etc WAAAAAAAH,0,1,0,0,0,0,0,0,0,0
98,"I love this one too ""I like to be spoiled and will spoil my man as well"" Men translate this into ""Pay me for sex""",0,0,0,0,1,0,0,0,0,0
99,is it dangerous to take a quick photo while stopped at a red light,0,0,0,0,0,1,0,0,0,0
100,"Yep, hell of a listener",0,0,1,0,0,0,0,0,0,0
101,"Photo critique? It's quite blurry. But the colours is great, as is the angle. ",1,0,0,0,0,1,1,0,0,0
102,"Can't find it. (I don't mean [NAME] ""weewee weenie"") looking for 90df savage group",0,0,0,0,1,0,0,0,0,0
103,An attractive woman falling down and exposing her butt. It's weird that he'd go so 0 to 60 on such a thing.,0,0,0,1,0,0,0,0,0,0
104,We need to do something about [NAME] because he's fucking my fantasy team up,0,0,1,0,0,0,0,0,0,0
105,Holy fuck this thread is not worth it,0,0,0,0,0,0,1,0,0,0
106,An MRI would be infinitely more entertaining.,1,0,0,0,0,0,0,0,0,0
107,The last two years of heart-breaking Saints playoff losses have *almost* made up for the horror of 2009.,0,0,0,0,0,0,0,0,0,0
108,Thank you I very much appreciate it.,1,0,0,0,0,0,0,0,0,1
109,Thank you! And yet he's called about 5 of the same on Laca,0,0,0,0,0,0,0,0,0,1
110,"The problem is trying to find that middle ground, where there is just enough to prevent anarchy while still allowing people to pursue their desires.",0,0,0,0,0,1,0,0,1,0
111,Try to watch this without crying.,0,0,0,0,1,0,0,0,0,0
112,This is horrific,0,0,0,0,0,0,0,1,0,0
113,Thx! Happy New Year!,0,0,0,0,0,0,0,0,0,1
114,Actually there were blacks in the SS. Kind of an odd analogy.,0,0,0,1,0,0,0,0,1,0
115,He was harsh on the other actors? Have you a source I can check out? I just can‘t remember him badmouthing anyone in particular :/,0,0,0,0,0,1,0,0,1,0
116,"Yeah, it is for the organizers",1,0,0,0,0,0,0,0,0,0
117,Then your goal of having one partner commit to you in any sense is inhibited by that.,0,0,0,0,1,0,0,0,0,0
118,I feel like [NAME] had the right idea losing the will to live. Now if only I could learn this power...,1,0,0,0,0,0,0,0,0,0
119,LMAO thank you hunni =] yeah just be w/ your mom then LOL,0,0,0,0,0,0,0,0,0,1
120,Gotta cop the crust,0,0,0,0,1,0,0,0,0,0
121,"100% agree. Double standards are ever present. Young girl is sexualised, the whole world goes nuts, but a young boy is somehow perfectly acceptable. It's disgusting. ",1,0,0,1,0,0,0,0,0,0
122,Thanks for you wisdom man I really appreciate your advice.,1,0,0,0,0,0,0,0,0,1
123,I think peach is hotter but not her attitude ha,0,0,1,1,0,0,0,0,0,0
124,Yes - 21 of the cases were kids,0,0,0,0,1,0,0,0,0,0
125,"""Real life [NAME]"" is clickbate bs. This guy makes dmt which is far better than meth",0,0,0,0,1,0,0,0,0,0
126,My wife really likes Deja but hasn’t listened to TDAGARIM. I’m so excited for when she hears it for the first time.,0,1,0,0,0,0,0,0,0,1
127,"glad she;'s back inside, tragic what shes doing to this dude and his family they r the ones picking up the tab. ",0,0,0,0,0,0,0,0,1,0
128,From the looks of his haphazard flailing it seems he needs to go back to the dojo...,0,0,0,0,0,0,0,0,0,1
129,It was a poor choice of words.,0,0,0,0,1,0,0,0,0,0
130,I just worked 6 hrs today and already hate it lol work just sucks. I'm not sure how other people do it.,0,0,1,0,1,0,0,0,0,0
131,"It's called ""internalised misogyny"" and feminists are aware of it and discussing it. Thanks for your concern though.",0,0,0,0,0,0,0,0,0,1
132,I'm worried that even in the summer we're not going to have the funds necessary to do that.,0,0,0,0,0,0,0,1,0,0
133,"Nah it's not that, [NAME] is just boring and sad",0,0,0,1,0,0,0,0,0,0
134,"She's a nutjob, but this is a really good quote, lol. ",0,0,0,0,1,0,0,0,0,0
135,This is the correct answer. I've seen more stupid memes about this show before I'd even seen it.,1,0,0,0,0,0,0,0,0,0
136,"It looked sarcastic, you're not in the wrong",0,0,0,0,1,0,0,0,0,0
137,Interesting isnt it?,0,0,0,0,0,1,0,0,0,0
138,"Hopefully created a monster. Also, I killed the morning at work.",0,0,0,0,0,0,0,0,1,0
139,local cannibal admits to son he robs graves of fallen soldiers to make his hot dogs,0,0,0,0,1,0,0,0,0,0
140,Really? Shucks! I’ve never seen it...thought it was a perfect add. My bad.,0,0,0,1,0,0,0,0,0,0
141,Funny I’m on my second play through and this happens...,0,1,0,0,0,0,0,0,0,0
142,Shame [NAME] is no longer with us,0,0,0,0,1,0,0,0,0,0
143,Keep rebuilding. That’s all we can do,0,0,0,0,0,0,0,0,1,1
144,This should be everyone's wish.,0,0,0,0,0,0,0,0,0,1
145,Well first I need a girl friend. Multiple personalities are the next step.,0,0,0,0,0,1,0,0,0,0
146,Hope [NAME] is ok to play but if he needs to rest that hand then that's what he should do...,0,0,0,0,0,0,0,0,1,0
147,State = good Anarcho-capitalism = bad Have fun getting taxed.,0,0,0,0,1,0,0,0,0,0
148,Your point? That doesn't mean it had 2 of EVERY FREAKING LAND MAMMAL on it!,0,0,1,0,0,0,0,0,0,0
149,Makes sense since he usually is the one to clean up kills while others make contact,0,0,0,0,1,0,0,0,0,0
150,I enjoy gameplay grind. Don't shoot me lol.,0,1,0,0,0,0,0,0,1,0
151,This march is spreading complete lies then as there are no rights a man has that a women doesn’t.,0,0,0,0,1,0,0,0,0,0
152,"...if there is a way to edit this to ""original content"" I'd love some coaching on that. Thanks folks! ",0,0,0,0,0,1,0,0,0,1
153,Another sick burn! You're fun when you're wrong.,0,1,0,0,0,0,0,0,1,0
154,Your r/brogress post doesnt look dyel,0,0,0,0,1,0,0,0,0,0
155,ah ok gotcha. glad you guys looked even better when [NAME] left! always cool to see,1,0,0,0,0,0,0,0,0,0
156,I actually really liked that you added in your personal interests. I like Korean boy bands too.,1,0,0,0,0,1,0,0,0,0
157,Except pets are family & love and maternal instincts aren't finite.,0,0,0,0,1,0,0,0,0,0
158,EDIT: wrong link sorry here’s the right one I hope,0,0,0,0,0,0,1,0,0,0
159,"Not all cases, but usually there an underlying issue with obesity at this level (such as me tal health, self esteem, depression, etc)",0,0,0,1,0,0,0,0,0,0
160,SHE is a MA’AM. and yes very,0,0,0,0,1,0,0,0,0,0
161,i am. This means i will move from MTN to VODACOM. and i only roam!! Wow,0,0,0,0,1,0,0,0,1,0
162,Sick BURN!,0,0,0,0,1,0,0,0,0,0
163,"Don’t worry, we can be crucified together 🙌🏿",0,0,0,0,0,0,0,0,1,0
164,Nice try my guy.,1,0,0,0,0,0,0,0,0,0
165,What a sad post. I cannot believe people actually follow their advice.,0,0,1,0,0,0,0,0,0,0
166,I was in Amsterdam two weeks ago and 400 sq ft apartments were renting for 1800 euros a month in the city. They have density but no affordability.,0,0,0,0,1,0,0,0,0,0
167,I am vuri disappointed in you. You gained turdy pounds tis munt. Scale dont lie,0,0,0,0,0,0,1,0,0,0
168,"Love how the cop comes and gives him the old ""there, there"" pat on the shoulder",0,0,0,0,0,0,0,0,0,1
169,Every day it gets harder to tell the difference between a legit mental health issue and someone just using it as an excuse to be an arsehole.,0,0,0,1,0,0,0,0,0,0
170,Can't wait,0,0,0,0,0,1,0,0,0,0
171,I thought they were motor vehicle accidents.,1,0,0,0,0,0,0,0,0,0
172,No! Mom said it was MY turn!!!!,0,0,1,0,0,0,0,0,0,0
173,"I got the unblinking eye, the one with the ribs in the dead eye slot, and the one with the hat takes a headshot",0,0,0,0,0,0,1,0,0,0
174,He’s too old for [NAME],0,0,0,0,1,0,0,0,0,0
175,"Now, remember, this is a very dulled version of what were used to considering they’re still riding the super bowl high from last year. ",0,0,0,0,0,0,1,0,0,0
176,Can confirm stop interrupting our Shaman bites with your reckless cent behavior,0,0,1,0,0,0,0,0,0,0
177,"You started over at 46? Wow. You are badass. You give me hope that if I finally had to, I could do it.",1,0,0,0,0,0,0,0,0,0
178,They aren't short either though. There's no hot 5'4 guy in hollywood that most women would swoon for.,0,0,1,0,0,0,0,0,0,0
179,my god quit getting blocked,0,0,1,0,0,0,0,0,0,0
180,"That’s not an example, that’s an anecdote... and it suggests to me that you don’t know how any of this works",0,0,0,0,1,0,0,0,0,0
181,"Lol, crazy move of the goalpost but okay",0,1,0,0,0,0,0,0,0,0
182,So glad I have a 20 minute walk to work up in the Bay Area.,0,0,0,0,0,0,0,0,0,1
183,[NAME] own DHS claims most drugs come in through legal points of entry. Do you have any sources to contradict that?,0,0,0,0,1,0,0,0,0,0
184,I don’t even like [NAME] that much but she completely failed to engage with his work critically. Her interpretations of his arguments were shockingly poor.,0,0,0,0,1,0,0,0,0,0
185,Thank you. I have never seen the word typed in that way before.,0,0,0,0,0,0,0,0,0,1
186,"I like flirting so this is what I enjoy doing, plus ordinary flirting is outcome independent. Direct approach is outcome dependent. Either way it's all part of the fun!",1,0,0,0,0,0,0,0,1,0
187,Wowowowow!!!! I’ve been campaigning for [NAME] too!,0,1,0,0,1,0,0,0,0,0
188,I agree. I’d love to keep [NAME] around but recognize it might not be possible.,1,0,0,0,0,0,0,0,0,0
189,"There's zero defending [NAME], he's worse than [NAME]",0,0,0,0,1,0,0,0,0,0
190,Holy shit nice block [NAME],1,0,0,0,0,0,0,0,0,0
191,Completely understandable. Lots of players who are new and don't realize how big of a distraction that is,1,0,0,0,0,0,0,0,0,0
192,"Nah, that's ArmedForcesUpdate, always good for a laugh",1,1,0,0,0,0,0,0,0,0
193,So uh...what happened to men between 1990 and 1995? Why the huge spike?,0,0,0,0,0,1,0,0,0,0
194,I mean you can want a break from something and still enjoy it.,0,0,0,0,0,0,0,0,1,0
195,I can’t believe he’s playing the live action sonic the hedgehog,0,0,0,0,1,0,0,0,0,0
196,[NAME] dammit I love wrestling,0,0,0,0,0,0,0,0,0,1
197,That guy (his dad?) was so proud he threw that strike!,0,0,0,0,0,0,0,0,1,0
198,Thank you very much for the advice I didn't really have anywhere else to turn,0,0,0,0,0,0,0,0,0,1
199,"Make it the same way and tell her you switched it. If she pushes, just tell her not to eat it.",0,0,0,0,1,0,0,0,0,0
200,I didn't know macs were THAT limited. /s,0,0,0,0,0,0,0,0,0,0
201,Isn't this the same video already posted ? Not seeing anything different,1,0,0,0,0,0,0,0,1,0
202,Of course! Happy cake day 🎂🎉,0,1,0,0,0,0,0,0,0,0
203,"Did you miss the other guys link? I noticed you didn't make a comment towards him, even though he posted it around the same time.",0,0,0,1,0,0,0,0,0,0
204,[NAME] supporters don’t see it as offensive.,0,0,0,1,0,0,0,0,0,0
205,What’s all this meow?,0,0,1,0,0,0,0,0,0,0
206,:) I like this.,0,1,0,0,0,0,0,0,0,0
207,"My gut feeling ""what's wrong with his eyes?"" on the second date. Should have listened.",0,0,0,0,0,0,1,0,0,0
208,"Well it depends on your level, class, and how good you roll.",1,0,0,0,0,0,0,0,0,0
209,Cried when [NAME] and [NAME] gave each other a big hug and [NAME] lifted him off the ground.,0,0,0,0,0,0,0,0,0,1
210,"I never thought it was at the same moment, but sometimes after [NAME] sacrifice... sounds logical",0,0,0,0,1,0,0,0,0,0
211,"It’s just a comparison to use for understanding. There are significant similarities between lobsters and humans, and lobsters are easier to study than humans.",0,0,0,0,1,0,0,0,0,0
212,Sour Tangie!,0,0,0,0,1,0,0,0,0,0
213,I reported you :-) Expect to find your comment deleted within a few hours :-),0,0,0,0,0,0,0,0,1,0
214,Kinda ageist to assume she was only working because she needed money...,0,0,0,0,0,0,0,0,1,0
215,Fuck this team,0,0,1,0,0,0,0,0,0,0
216,"My mom likes to use the word, “tripolar” for me and it’s aggravating. ",0,0,1,0,0,0,0,0,0,0
217,How’d you film this and what type of microscope/camera did you use? This is great!! Thank you for creating and sharing.,1,0,0,0,0,1,0,0,0,1
218,Thanks - I had not heard of shootings in chapels.,0,0,0,0,0,0,0,0,0,1
219,These are the same people who thought liking hot sauce was a major scandal,0,0,0,0,1,0,0,0,0,0
220,When he put his legs on either side of the crocodile I thought to myself “man you still have time to change your mind” but alas.,0,0,0,0,1,0,0,0,0,0
221,OK. That is really weird.,0,0,0,0,0,0,1,0,0,0
222,Daddy Patches!,0,0,0,0,1,0,0,0,0,0
223,Good luck!!! 💜💜💜💜💜💜💜💜,1,0,0,0,0,0,0,0,0,1
224,Oh. Damn.,0,0,1,0,0,0,0,0,0,0
225,IT'S NOT FUNNY HOLLY.,0,0,0,1,0,0,0,0,0,0
226,Pretty sure we’re the ones being carried with no thunderlords...smh.,0,1,0,0,0,0,0,0,0,0
227,I wonder if truly might be work stress. He works long hours at a prestigious law firm. I need to five him more credit.,1,0,0,0,0,1,0,0,0,0
228,Thanks for the laugh 😂😂,0,1,0,0,0,0,0,0,0,1
229,"Been there, done that. Not the best idea unfortunately. Especially if it doesn't work. Gets awkward ",0,0,0,1,0,0,0,0,0,0
230,Even if they did that I think their criteria would probably be reserved for the most extreme cases.,0,0,0,0,1,0,0,0,0,0
231,Yeah how dare the puck not magnetize to [NAME] stick. Not his fault at all.,0,0,1,0,0,0,0,0,0,0
232,Good call. Run!,1,1,0,0,0,0,0,0,0,0
233,Yikes. She sounds like she's one bad grade away from shooting up a synagogue.,0,0,0,0,0,0,1,0,0,0
234,"In other words, being a woman but not identifying with your oppression. How special",0,0,0,0,1,0,0,0,0,0
235,i know the feeling dude,0,0,0,0,1,0,0,0,0,0
236,The irony of you guys using an American website created because of capitalism is funny,0,1,0,0,0,0,0,0,0,0
237,It is bad tho.,1,0,0,0,0,0,0,0,0,0
238,I miss those days.,0,0,0,0,0,0,1,0,0,0
239,oh my gooooood,0,0,0,0,1,0,0,0,0,0
240,I want the man who makes me pizza from scratch and then lovingly hand feeds it to me. Completely realistic expectation.,0,0,0,0,0,0,0,0,0,1
241,That's the best line in the entire show for me.,1,0,0,0,0,0,0,0,0,0
242,Shooting dogs to make our country safe!,0,0,0,0,0,0,0,0,0,1
243,I'm in the UK dude. It's happening everywhere and most people are either busy hating or living in a bubble so are oblivious.,0,0,0,0,1,0,0,0,0,0
244,I love this.,0,0,0,0,0,0,0,0,0,1
245,What about every series prior to that? [NAME] was awful vs the bucks [NAME] was awesome. What about the years before that?,0,0,0,0,1,0,0,0,0,0
246,The only thing I know is that none of us don't know anything,1,0,0,0,0,0,0,0,0,0
247,I might get to phaneuf traded levels of joy.,0,0,0,0,0,0,0,0,1,0
248,"Nah, you’re totally one of those MAGAmers. Your comments could’ve come straight out of the subreddit.",0,0,0,1,0,0,0,0,0,0
249,"what a strange, sad, moronic 3 day old account...",0,0,0,0,1,0,0,0,0,0
250,Pretty sure it's a rubber toy made to look like one,1,0,0,0,0,0,0,0,0,0
251,"The beauty of that is you won't need alcohol or drugs, you'll get a cute buzz going from the measles fever.",0,1,0,0,0,0,0,0,0,0
252,I think you misunderstood me. I wanted to say that it was beyond stupid 😊,0,0,1,0,0,0,1,0,1,0
253,If your team has no healer I really hope u get the heal talent,0,0,0,0,0,0,0,0,1,0
254,I’ve heard them say they are less likely to get a job.,0,0,0,0,1,0,0,0,0,0
255,I'm not going to look at your evidence. There's never been a shred of evidence!,0,0,0,0,1,0,0,0,0,0
256,"Sorry, I misread",0,0,0,0,0,0,1,0,0,0
257,Now we all know someone is going to domesticate these cute fluff butts,0,1,0,0,0,0,0,0,0,0
258,Now this is what we want to see for the rest of the season,0,0,0,0,0,1,0,0,0,0
259,"Am I the only one that doesn't what to see this? Tag this kind of stuff, please.",0,0,0,0,1,0,0,0,0,0
260,"The details on this building are fantastic. If anyone gets a chance to see it up close, you definitely should.",1,0,0,0,0,0,0,0,0,0
261,You realize everyone sees you REEEEEEing all over the place right? You can act nonchalant all you want but obviously youre one salty sea dog,0,0,1,0,0,0,0,0,0,0
262,Thank you for helping me realize that p&r bloopers is exactly what i need right now,0,0,0,0,0,0,0,0,1,1
263,A track would be much more suitable for this kind of recklessness! Keep this kind of dangerous driving off of public roads!,0,0,1,0,0,0,0,0,0,0
264,That is the first positive thing I’ve ever read about NJ transit.,1,0,0,0,0,0,0,0,0,0
265,Wise choice. You had kebab.,1,0,0,0,0,0,0,0,0,0
266,5. Very likely,0,0,0,0,1,0,0,0,0,0
267,Stop having kids you can't afford. Make sure you check the kids credit to make sure there are no accounts opened in their name. Good luck!,0,0,1,0,0,0,0,0,1,0
268,"Oh man, I forgot about eBay! I have some old textbooks I’ve been meaning to put on there too.",0,0,0,0,0,0,1,0,0,0
269,I'm honestly so pissed off for you. That whole situation is insane. Good luck moving on. No one deserves to be treated like that.,1,0,0,0,0,0,0,0,0,0
270,It reminded him too much of being in bed with [NAME],0,0,0,0,1,0,0,0,0,0
271,I know you're trying to play devil's advocate but [NAME] doesn't hit close to as well as [NAME],0,0,0,0,1,0,0,0,0,0
272,Destroying the unrighteous to save the righteous is a righteous act. Therefore the great flood is an act of love. Whether it happened or didn't happen.,1,0,0,0,0,0,0,0,0,0
273,Let's not kid ourselves; most of us [NAME] are like that.,0,0,0,0,1,0,0,0,0,0
274,You'd think people who have this high an opinion of themselves would be more open to taking advice on how to beat certain matchups. Enjoy being a scrub.,0,0,1,0,0,0,0,0,0,0
275,Don’t laugh the way this game went I actually expected he will lay it in... then reality and [NAME] hit... thanks goodness,0,0,0,0,0,0,0,0,0,1
276,Well the good news is once all the boomers die off you won't have any pesky old people to blame anymore.,0,0,0,0,0,0,0,0,1,0
277,What's the Pi IPcam you set up? Link? Sounds interesting.,0,0,0,0,1,0,0,0,0,0
278,"Oh I get it, you are illiterate on purpose because you fear to be fed with lies (in your mind). Sorry for you.",0,0,0,0,0,0,1,1,1,0
279,I agree with the last statement but apparently I'm also bad at matching pokemon to rep :(,0,0,0,0,0,0,1,0,0,0
280,"Your paranoia over it seems schizophrenic to me. Just in case you are not, please elaborate on why this is important to society.",0,0,0,0,0,0,1,1,0,0
281,Omg I can't stop giggling lol!,0,1,0,0,0,0,0,0,0,0
282,dang... that's just crazy.,0,1,0,0,0,0,0,0,0,0
283,"[NAME], let’s bring down the system faster.",0,0,0,0,1,0,0,0,0,0
284,She just missed her shot at a champagne douche.,0,0,0,0,0,0,1,0,0,0
285,"This spring is so loaded, it's almost too much at once!",0,0,0,0,1,0,0,0,0,0
286,"> what **the straights** have > ... > **""stereotyping** Hmm",0,0,0,0,1,0,0,0,0,0
287,"Any respectable head shop (pot accessory store) or tobacconist (cigar shop) will have them. Good luck, love that friggin pipe!",0,0,0,0,0,0,0,0,0,1
288,I'm 21. I've entered adulthood and I even have to face negative comments from family members. Adulthood won't save me.,0,0,0,0,0,0,0,1,0,0
289,The fingertip save against [NAME] in the Champions League Final shootout is forever etched in my brain. What a legend.,1,0,0,0,0,0,0,0,0,0
290,Yeah. Like you.,0,0,0,0,0,0,0,0,0,1
291,Should be /r/me_irl,0,0,0,0,1,0,0,0,0,0
292,Also I've heard she owns a bag.,0,0,0,0,0,1,0,0,0,0
293,I liked the comeback tho,0,0,0,0,0,0,0,0,1,0
294,"""I refuse to argue with anyone born before 1980: They don't even know how to rotate PDFs"" That is exactly how this stupid argument sounds",0,0,0,1,0,0,1,0,0,0
295,I continue to sub here only because your quips make me laugh,0,1,0,0,0,0,0,0,0,0
296,yay another let's keep nerfing survivors to the ground patch... fun,0,1,0,0,0,0,0,0,0,0
297,"No foreplay, no connection, if he doesn't know what he's doing. If he asks for a blow job and then refuses to reciprocate. ",0,0,0,1,0,0,0,0,0,0
298,The obsession with a plot.,0,1,0,0,0,0,0,0,0,0
299,"I literally never said it costs that much a day. It was just a dumb guess. It's obviously more, mate.",0,0,0,0,0,0,0,0,1,0
300,Hope his bare hands are as clean as the griddles. Ready to eat foods need to be handled with gloves . Very cool machine though .,1,1,0,0,0,0,0,0,1,0
301,I did it. Lol.,0,1,0,0,0,0,0,0,0,0
302,Did he say skinny wieners?,0,0,0,0,1,0,0,0,0,0
303,"May [NAME] SWT bless you, protect you, guide you, and keep you active in this faith. Welcome to al [RELIGION] =)",0,0,0,0,0,0,0,0,0,1
304,People are idiots....sheep don't magically become independent thinkers just because their food source changes,0,0,1,0,0,0,0,0,0,0
305,"Honestly, it would be even better if she handed the reigns to a brick. Then no deal definitely happens and everyone's happy ever after :D",0,0,0,0,1,0,0,0,0,0
306,Wasn't north and south Dakota one state at some point? Are they putting aside they're difference and getting back together?,0,0,0,0,0,1,0,0,0,0
307,SHE BETTER NOT SNITCH ON HIM HE WAS JUST LOOKING OUT FOR HER,0,0,0,0,1,0,0,0,0,0
308,"You have a talent use it, take your time would love some pop kids melodies etc subscribers will come for sure",1,0,0,0,0,0,0,0,0,0
309,How awesome ! Of course now the baby has THREE sets of grandparents. Extra bonus presents !,1,0,0,0,0,0,0,0,0,0
310,Can you explain to me what SW BRT means?,0,0,0,0,0,1,0,0,0,0
311,Try wearing something unattractive when that student is around.,0,0,0,0,0,0,0,1,0,0
312,"lol wow missed that, it stays",0,1,0,0,1,0,0,0,0,0
313,"So you're gay, but you hate men? Yeah, good luck with that working out for you.",0,0,0,1,0,0,0,0,0,1
314,Perfect. Thanks!,0,0,0,0,0,0,0,0,0,1
315,Thank you! We feel hard. We just don’t express it the same way feelers or maybe just most people recognize.,0,0,0,0,0,0,0,0,0,1
316,I thought it was still in theaters.,0,0,0,0,1,0,0,0,0,0
317,Could have been worse if a piece of metal exploded into him instead harmlessly on the beach,0,0,0,0,0,0,1,0,0,0
318,Still pretty good at rugby tho ‍♂️,0,0,0,0,0,0,0,0,1,0
319,I don't think we could afford the expense bill for coming out of a pretty cushy retirement.,0,0,0,1,0,0,0,0,0,0
320,Are you happy at your work?,0,0,0,0,0,1,0,0,0,0
321,You beat me to it!,0,0,0,0,0,0,1,0,0,0
322,Some reasonable Seahawks fans credit him with [NAME] development.,0,0,0,0,1,0,0,0,0,0
323,"Investments like that are a paper trail. Ordering takeout food and riding Go-Karts with cash, are not.",0,0,0,1,0,0,0,0,0,0
324,"if the pain doesn't go away after 4 hours or so, it's broke.",0,0,0,0,1,0,0,0,0,0
325,He already did,0,0,0,0,1,0,0,0,0,0
326,I'm sending you all the hugs ;-;,0,0,0,0,0,0,0,0,0,1
327,They're a match made in heaven!,1,0,0,0,0,0,0,0,0,0
328,"Ooh, the pupil proportion was wonderful at this time.",1,0,0,0,0,0,0,0,0,0
329,"Also, lay a piece of tp down BEFORE you drop your first deuce. Then nothing left behind!",0,0,0,0,1,0,0,0,0,0
330,Wow these are amazing,1,0,0,0,0,0,0,0,0,0
331,Beast milk. My favourite!,0,0,0,0,0,0,0,0,0,1
332,"Oh boy, yeah.",0,0,0,0,1,0,0,0,0,0
333,"Yeah it’s a repost, I saw this same exact post in a different subreddit couple months ago",0,0,0,0,1,0,0,0,0,0
334,It’s even creepier when it’s happening TO you. Source: I carried two VERY active babies.,0,0,0,0,0,0,0,1,0,0
335,"Yeah it is, I hate it so much, I wish I woke up earlier.",0,0,1,0,0,0,0,0,0,0
336,"“1, personal space. 2, I like my personal space. 3 get outa my personal space...”",0,0,1,0,0,0,0,0,0,1
337,"Yes, you do live in a clown world, laugh it up, degenerate.",1,1,0,0,0,0,0,0,0,0
338,"“[NAME] bring the wipers, I thought I farded but I accidentally shidded.”",0,0,0,0,1,0,0,0,0,0
339,Wouldn't wipe my arse with it.,0,0,1,0,0,0,0,0,0,0
340,Who knows with how over confident and glowing Lucasfilm seemed with TLJ I wouldn't be surprised by anything.,0,0,0,0,1,0,0,0,0,0
341,Maybe it's not over for you. Is there a gym for social awkwardness?,0,0,0,0,1,0,0,0,0,0
342,I wonder what was stopping that barber using the lightning network for payments?,0,0,0,0,1,0,0,0,0,0
343,That was a terrible pass regardless. Wasn’t close,0,0,0,0,0,0,0,1,0,0
344,It means that people can be unhappy for being misunderstood. Under any circumstance.,0,0,0,0,1,0,0,0,0,0
345,"Yes the ammo health thing really is a chore. Too much realism. we want have some fun in a realistic setting, not a simulator. ",0,0,0,0,0,1,0,0,0,0
346,"Yeah I know, it’s just wishful thinking but I would be ecstatic if it came out today",0,0,0,0,0,1,0,0,1,0
347,It makes me feel good. Wholesome is a very subjective thing.,0,0,0,0,0,0,0,0,1,0
348,"You could weigh even more than 152 at 10% 6 ft tall! But yes, that is the goal physique for many gym rats. ",1,0,0,0,0,0,0,0,1,0
349,Congrats and best wishes. Build on progress.,1,0,0,0,0,0,0,0,0,1
350,Happy cake day!,1,0,0,0,0,0,0,0,0,0
351,YOUR FEELINGS CHANGE LIKE THE WEATHER,0,0,0,0,1,0,0,0,0,0
352,"Good fun, just dont over do it, or you will get very bored fast.",0,0,0,0,1,0,0,0,0,0
353,"$42,000 fine over a JOKE is unreasonable. ",0,1,0,0,0,0,0,0,1,0
354,[NAME] has not played under [NAME] for a single day of his career.,0,0,0,0,1,0,0,0,0,0
355,"I think I should try this. Thanks, OP.",0,0,0,0,0,0,0,0,0,1
356,Hey friendo nothing down here but there are ALL SORTS of interesting smells!,0,0,0,0,0,0,0,0,1,0
357,Don’t spend time with someone who isn’t going to respect you as a person.,0,0,0,0,1,0,0,0,0,0
358,ooooooo...yikes,0,0,0,1,0,0,0,0,0,0
359,That's ignorant as all hell. Tell them to buy their own.,0,0,1,0,0,0,0,0,0,0
360,One elite run stopper please thanks,0,0,0,0,0,0,0,0,0,1
361,"Doesn't matter how much experience you have, you're still delusional and most likely attracted to the ""wrong"" kinds of men",0,0,0,1,0,0,0,0,0,0
362,>outsourced independent contractor Dude there is no way [NAME] knows these words.,0,0,0,0,1,0,0,0,0,0
363,"This is objectively wrong, what the actual fuck lol.",0,0,1,0,0,0,1,0,0,0
364,That's really interesting.,1,0,0,0,0,0,0,0,0,0
365,I think the show was all about forgiveness. She can't change [NAME] and fighting with him only brings him around and brings her pain.,0,0,0,0,1,0,0,0,0,0
366,"Idk why, but this is the one I love at restaurants",1,0,0,0,0,0,0,0,0,0
367,Well glad she got out of the situation safely. I would much rather NOT have to investigate and know someone is safe.,0,0,0,0,0,0,0,0,1,0
368,"Is that your quote? Either way, I'll add this to my collection.",0,0,0,0,0,1,0,0,0,0
369,I’m sorry for your loss bro ❤️,0,0,0,0,0,0,1,0,0,0
370,This is like the timeline from hell.,0,0,1,0,0,0,0,0,0,0
371,They leave me out of everything,0,0,0,0,0,0,1,0,0,0
372,"I mean, if I make it look like an accident, just think of all the ribs I can buy with the insurance money... ",1,0,0,0,0,0,0,0,1,0
373,"""I've made a huge mistake"" - Me, walking into this person's house.",0,0,0,0,0,0,1,0,0,0
374,"There are a lot of miserable people on reddit, don’t let them get to you ",0,0,0,0,1,0,0,0,0,0
375,Even if it does and they win a tourney [NAME] is gone after this year LOL,0,0,0,0,1,0,0,0,0,0
376,"If it's anything like my experience at radford, they were obviously drunk",0,0,0,0,1,0,0,0,0,0
377,"""Lazy ass"" Oh my, the irony",0,0,0,1,0,0,0,0,0,0
378,You’re welcome,0,0,0,0,0,0,0,0,0,1
379,Those backpack leashes suddenly don't seem so bad,0,0,0,0,1,0,0,0,0,0
380,Jack torrance can be nice,1,0,0,0,0,0,0,0,0,0
381,"Yep, the presidency isn’t at all related to the 22nd amendment. Be gone, chud.",0,0,0,0,1,0,0,0,0,0
382,Omg 😱 I’m in 🤞🏻 what are the reward tiers?🤑👊🏻#bossbabe,0,0,0,0,0,0,0,0,0,0
383,Oh hey that's pretty cool!,0,0,0,0,0,0,0,0,0,1
384,"Thats a red flag that you're a big part of his son's life after 5 months. This all seems very immature, both you and him.",0,0,1,0,0,0,1,0,0,0
385,I will definitely keep this is mind and thank you for the great comment!,0,0,0,0,0,0,0,0,0,1
386,"You don’t understand it because it’s insanely dumb, as the vid demonstrates.",0,0,1,0,0,0,0,0,0,0
387,"Sure, there are edge cases where this is less clear, but in the vast majority of conflict, this is true.",1,0,0,0,0,0,0,0,0,0
388,Just got the Ultimate edition and it's already my favourite game of all time. I just wish everyone could agree [NAME] is best girl,1,0,0,0,0,1,0,0,0,0
389,I thought she had that same expression when he proposed as well. Or at some point during the proposal dinner,0,0,0,0,1,0,0,0,0,0
390,Does anybody have a serious answer to this?,0,0,0,0,1,0,0,0,0,0
391,He absolutely loves it!!,0,1,0,0,0,0,0,0,0,1
392,There's no better way to make yourself miserable than by comparing yourself to others.,0,0,1,0,0,0,0,0,0,0
393,Thank you!! Every time I see someone say “with one exception” I’m like nooo! It’s a song too!!,0,0,0,0,0,0,0,0,0,1
394,AW YEAH HUGE WIN FOR FEMINISM AND WOMEN AMIRIGHT GUYS /s,1,0,0,0,0,0,0,0,0,0
395,"Yes, I dont trust people very much so I tend to push them away, and I feel like I dont have enough energy to keep up with people ",0,0,0,1,0,0,0,1,0,0
396,Get back on your meds mate..You aren't funny at all...,0,0,1,0,0,0,0,0,0,0
397,It seems to be either forgotten or overlooked that the Jags offense also lost [NAME] and [NAME] last offseason.,0,0,0,0,1,0,0,0,0,0
398,"I agree. But, if you were delivering shrimps-n-gritz betcha you'd be tempted. ",1,0,0,0,0,0,0,0,0,0
399,Mmm ... Chicken milk.,0,0,0,0,1,0,0,0,0,0
400,"Don't worry, [NAME] can't even pronounce Kombucha.",1,0,0,0,0,0,0,0,0,0
401,deserved better :/,1,0,0,0,0,0,0,0,0,0
402,I love how serious and mad cats get when the dog starts messing around with them all playful,0,0,0,0,0,0,0,0,0,1
403,He overachieved my expectations this year. I hope he tops this years performance next year. Go Gmen!,0,0,0,0,0,0,0,0,1,0
404,I know you will make her proud. always appreciate your parents they won’t be here forever ❤️,0,0,0,0,0,0,0,0,1,1
405,"Because on a visa, I get 3 months of unemployment and I used up 2.5 when I got out of school first. ",0,0,0,0,1,0,0,0,0,0
406,And they could have kids... yeah sorry. I’m dumb,0,0,0,0,0,0,1,0,0,0
407,They only really fought them in Al-bab and only reason turkey took al-bad was to split the cantons,0,0,0,0,0,0,1,0,0,0
408,"I've said it before, but yuck, kissing that bloody mouth... Watch out, [NAME], you don't know where that's been.",0,0,1,0,0,0,0,0,0,0
409,"Well the left wants to defend [RELIGION]. Good, now that they’re on your side of the table. Own it, or denounce it",1,0,0,0,0,0,0,0,0,0
410,The jockeys one is amazing I don't know what you're talking about.,0,0,0,0,1,0,0,0,0,0
411,What state and what size of city? Im curious if it's inner city of small town,0,0,0,0,1,0,0,0,0,0
412,My shirt is [NAME]. My balloon popper is the DNC. And then [NAME] is the fire under my ass to dive deeper ever day.,0,0,1,0,0,0,1,0,0,0
413,"Ahh mate, come back any time and i'll make culturally inappropriate Third Reich gags and then we can get lit on bush chooks.",0,0,0,1,0,0,0,0,0,0
414,Eff your video - love Canada 🇨🇦 Stupid geolock,0,0,1,0,0,0,0,0,0,0
415,as [NAME] wishes he didnt want to be buried so they had is ashes thrown in a lake in india as [NAME] wanted please respect his wishes,0,0,0,0,0,0,1,0,0,0
416,I came in here to ask why he’d drive so far to see a movie about testicular torsion,0,0,0,0,0,1,0,0,0,0
417,Thank you! I ended up assigning a dbq and paired students up,0,0,0,0,0,0,0,0,0,1
418,Love both flags man! I was on my college campus today in my old Thrashers hat while wearing my Jets sweatshirt. Go Jets! Have fun!,0,0,0,0,1,0,0,0,1,0
419,You've got time to turn it around. I promise you. You can get there.,0,0,0,0,0,0,0,0,0,1
420,Going to jump sides 2nd half lol,0,1,0,0,0,0,0,0,0,0
421,Definitely not. It would be so boring to have no chance year after year.,0,0,0,1,0,0,0,0,0,0
422,A surprise turn of events! I'm so glad you heard such great things about yourself!,0,0,0,0,1,0,0,0,1,0
423,In 2:55 they’ve scored more points than Oregon/Michigan State did in 60 minutes! 😂😂😂😐😐😐😥😥😥,0,0,0,0,0,0,0,0,0,0
424,I’d like to add that it’s British slang. We also use ‘kiddy fiddler’.,1,0,0,0,0,0,0,0,0,0
425,That man had some hilarious lines/events,0,1,0,0,0,0,0,0,0,0
426,I like you. No promo,1,0,0,0,0,0,0,0,0,0
427,"Honestly, back then, seeing her squirm would have been perfect. I'm mildly curious to see if she's still scared of me, though.",0,0,0,0,0,1,0,1,0,0
428,"Dude, there is nothing you can do against a team shooting like that, nothing. And out shooting is really good too.",1,0,0,0,0,0,0,0,0,0
429,Livin life on the edge man,0,1,0,0,0,0,0,0,0,0
430,Guys his username is [NAME]. I really don’t think he’s serious.,0,0,0,1,0,0,0,0,0,0
431,I for one think that the military of no country should be this strong either.,0,0,1,0,0,0,0,0,0,0
432,I suspect there's a difference between people who have an interest in makeup and those that don't on this.,0,0,0,0,1,0,0,0,0,0
433,This looks amazing. I'm sure Netflix will cancel the series in February.,1,0,0,0,0,0,0,0,0,0
434,>because SegWit transactions take up more space How much more?,0,0,0,0,1,0,0,0,0,0
435,Thanks now I gotta go listen to golden earring,0,0,0,0,0,0,0,0,1,1
436,More importantly the car shouldn’t have run him over but yeah I guess you’re right.,1,0,0,0,0,0,0,0,0,0
437,"I don't, I think this is great. The more they disbelieve media, the more it hurts them.",0,0,1,1,0,0,0,0,0,0
438,"Now that you're saying it, it actually makes sense. I'll be really hurt, but if she makes him happy I can't stop him.",0,0,0,0,0,0,0,0,1,0
439,"Change of top, pump, inner tubes, puncture repair kit & tyre levers, balaclava, lube. ",0,0,0,0,1,0,0,0,0,0
440,"Adjust your W4. Everyone has to pay taxes, so save it with the ""I have to send a check to the government!"" BS. ",0,0,1,0,0,0,0,0,0,0
441,weird flex but ok (the heart is flexing),0,0,1,0,0,0,0,0,0,0
442,I HAVE EYE PROBLEMS NOW IM REALLY YELLING,0,0,0,0,0,0,1,0,0,0
443,Aaaaaand they turned it off. Terrible roads everywhere.,0,0,0,0,0,0,0,1,0,0
444,Should this be tagged nsfw for the knot?,0,0,0,0,0,1,0,0,0,0
445,"Oh, didn’t catch that.",0,0,0,0,1,0,0,0,0,0
446,"It’s a [NAME], very fun guns to shoot. Nothing like a good old lever action sometimes!",0,1,0,0,0,0,0,0,0,0
447,They might not be intending to use the main actors.,1,0,0,0,0,0,0,0,0,0
448,Love this. Thanks for sharing.,0,0,0,0,0,0,0,0,0,1
449,Don’t fall for it.,0,0,0,0,1,0,0,0,0,0
450,"You can get trough it, it sounds like fucking bullshit, but you can",0,0,0,0,0,0,1,0,0,0
451,Great thread for more humblebrags. Can't have enough on this sub,1,0,0,0,0,1,0,0,0,0
452,I would LOVE to be on the show!,0,0,0,0,0,0,0,0,0,1
453,Actually pretty surprised that they made it fit as well as this.,0,0,0,0,1,0,0,0,0,0
454,I think the real reason is good press and booze,1,0,0,0,0,0,0,0,0,0
455,Great news. Thanks for sharing Crunk! Donated...,0,0,0,0,0,0,0,0,0,1
456,and he's fat from all those luxury meals,0,0,0,0,1,0,0,0,0,0
457,She shouldn’t have to fight a male.,0,0,0,1,0,0,0,0,0,0
458,What do you do for a living?,0,0,0,0,0,1,0,0,0,0
459,"Also, on my phone this didn't show up as a ""cross post"". Sorry!",0,0,0,0,0,0,1,0,0,0
460,It's vodka/tonic time for me buddy! I'm off work!!!! Hope all yaw be safe and have a great night!,0,0,0,0,0,0,0,0,1,0
461,U dumb.,0,0,0,1,0,0,0,0,0,0
462,As will myself and everyone else who is able to leaving the poorest to fend for themselves. Or we revolt like the [NAME]. Edit: grammar,0,0,0,0,1,0,0,0,0,0
463,"Cro magnons are indistinguishable from modern humans, you absolute Neanderthal.",0,0,0,0,1,0,0,0,0,0
464,it sounds like a huge pain in the ass to use compared to current systems in place though.,0,0,0,0,0,0,1,1,0,0
465,feels like the Leave vote Opposition is falling apart...,0,0,0,0,1,0,0,0,0,0
466,"I think you grossly overestimate how many former felons will bother voting anyway, and grossly underestimate how conservative hispanics ([NAME] in particular) are in Florida.",0,0,0,0,1,0,0,0,0,0
467,Wow so glad [NAME] is getting it done quicker. Better for later in tourney,0,0,0,0,0,0,0,0,1,1
468,Been spot on so far.,1,0,0,0,0,0,0,0,0,0
469,I truly hope so,0,0,0,0,1,0,0,0,0,0
470,"Crochet, my good friend",1,0,0,0,0,0,0,0,0,0
471,"""I will do what I must.""",0,0,0,0,1,0,0,0,0,0
472,I woke up drunk and mouthy,0,0,1,1,0,0,0,0,0,0
473,"[NAME] at least seems to have gotten her life together... (I mean I hope the same happens for [NAME], but)",0,0,0,0,1,0,0,0,0,0
474,I really hope we win tomorrow. .500 halfway through the season would be insanely satisfying... also I want to win lol,0,1,0,0,0,0,0,0,1,0
475,"It's creepy but also sad that the guy was bathing in your fountain, hey at least it wasn't your pool. ",0,0,0,0,0,0,0,1,0,0
476,She was acting from her emotions instead of logic. I suppose I have a huge distain for that.,0,0,1,0,0,0,0,0,0,0
477,"That’s what I meant, sorry bout that. Never fold AKs pre ",0,0,0,0,0,0,1,0,0,0
478,"It appeared that she smacked her grape pretty damn good. Oh, and I chuckled. ",0,1,0,0,0,0,0,0,0,0
479,I understand completely. People have no memory or understanding of the true horror of these diseases. I am truly glad you have decided to vaccinate. Blessings [NAME],0,0,0,0,0,0,0,0,0,1
480,This was actually a very interesting article. I'd never realised how Snapchat and its filters were driving people to be so unhappy with their appearance.,0,0,0,1,0,0,0,0,0,0
481,Good manager had your back. That lady just wanted free gift wrapping,0,0,0,0,0,0,0,0,1,0
482,"Because the Wizards play much much better without [NAME], thats why, they have won their last 3 games, all against playoff teams",0,0,0,0,1,0,0,0,0,0
483,And I though Glory Kills were gruesome,0,0,0,1,0,0,0,0,1,0
484,"I'm scared that they would turn out like me, even if I tried really hard to make them nice. ",0,0,0,0,0,0,0,1,0,0
485,Pop doesn't like it sloppy,0,0,0,0,0,0,0,0,0,1
486,Losing wars has consequences.,0,0,0,0,1,0,0,0,0,0
487,Thanks. I though it was fooling a penquin.,0,0,0,0,0,0,0,0,0,1
488,"Congratulations, there are success stories in this group. Forge on with your life but watch out for other (jerkfaces). ",1,0,0,0,0,0,0,0,0,1
489,Enjoy wes virginnie,0,0,0,0,1,0,0,0,0,0
490,Always a pleasure to have our board of directors pay us a little visit.,1,0,0,0,0,0,0,0,1,0
491,"Really cool art though, well done!",1,0,0,0,0,0,0,0,0,0
492,Unblockable feint dodge light beats a roll on reaction to the unblockable.,0,0,0,0,1,0,0,0,0,0
493,"Oh that’s actually seriously a relief, how do you know that though?",1,0,0,0,0,1,0,0,0,0
494,That’s impressive you can tell that from the back of his head,1,0,0,0,0,0,0,0,0,0
495,[NAME]?! Welcome to the show!!!,0,1,0,0,0,0,0,0,0,0
496,Kill whitey!,0,0,0,0,1,0,0,0,0,0
497,"This made me chuckle, thank you.",0,0,0,0,0,0,0,0,0,1
498,Thanks for sharing,0,0,0,0,0,0,0,0,0,1
499,**Ask Permission** from me and I will tell them yes or no.,1,0,0,0,0,0,0,0,0,0
500,I read that as [NAME]. Lol,0,0,0,0,0,0,0,0,1,0
501,> we can't john beard that big,0,0,0,0,1,0,0,0,0,0
502,"I hope [NAME] bullies wittle baby [NAME] tonight, like he did last year!",1,0,0,0,0,0,0,0,0,0
503,Be honest with her... or put her on a pedestal just high enough to see up her dress... ;),0,0,0,0,0,0,0,0,0,1
504,I love [NAME] and how openly she is in supporting him to run,0,0,0,0,0,0,0,0,0,1
505,He looks especially cute in the glasses.,1,0,0,0,0,0,0,0,0,0
506,Go and be around friends. Or become an INTP so you don’t have the lingering feeling to be around friends.,0,0,0,0,0,0,0,0,1,1
507,Look at this [NAME].,0,0,0,0,1,0,0,0,0,0
508,"As a whole, yes, if it wasn't for Classified being the greatest thing to come to zombies since bo1, then I'd have to agree.",1,0,0,0,0,0,0,0,0,0
509,Character-wise or fighting-wise?,0,0,0,0,0,1,0,0,0,0
510,"As [NAME] says,""Just put your emotions over there and eventually you will die""",0,0,0,0,1,0,0,0,0,0
511,I want [NAME] and [NAME] in Top 3 so I’m feeling the omens girl,0,0,0,0,0,1,0,0,0,0
512,Is there much of a population? I wanted to play it back in The day and then they changed it into an almost entirely new game.,0,0,0,0,1,0,0,0,0,0
513,"Your mental health. You might think its fine, but having to live a double / fake lifestyle is wearing on the best of us . ",0,0,0,0,0,0,0,0,0,1
514,Fuck [NAME] for blocking funding for this for years and years. So glad it's being used to help people now,1,0,1,0,0,0,0,0,0,0
515,Notice how much harder [NAME] was concentrating on catching those rocks than [NAME] did at the end of TLJ...,0,0,0,0,1,0,0,0,0,0
516,That would be more accurate but less impactful/explanatory of the point the creator is trying to make---it's an illustration of the Apex fallacy.,0,0,0,0,1,0,0,0,0,0
517,Lol 3 likes and 15 dislikes.,0,0,0,0,1,0,0,0,0,0
518,"I would just beat up someone I really hate, my brother.",0,0,1,0,0,0,0,0,0,0
519,*They ARE my children* And now you see why people call you a future crazy cat lady.,0,1,0,0,0,0,0,0,0,0
520,"I like [NAME]’ “I’m tired of losing, I’m not a loser”",0,0,1,0,0,0,1,0,0,0
521,That's right nearby. Thanks!,0,0,0,0,0,0,0,0,0,1
522,Don’t forget sports gambling. THEN we’ll be happy.,0,0,0,0,0,0,0,0,1,0
523,Calm down kid jeez,0,0,0,0,1,0,0,0,0,0
524,wouldn't you say [NAME] and [NAME] are part of the same generation?,0,0,0,0,0,1,0,0,0,0
525,"Most FBI agents never fire their weapons and spend more time looking at excel sheets, lol",0,1,0,0,0,0,0,0,0,0
526,Yeah they look very buff,0,0,0,0,1,0,0,0,0,0
527,tbh if I had to listen to [NAME] voice in person I would probably punch myself in the eardrums a la Asuelu,0,0,0,0,1,0,0,0,0,0
528,"Lol, I love you you drunk bastard!! Now CHUG!! ",0,0,0,0,0,0,0,0,0,1
529,"Boondock Saints, a brilliant documentary on the South Boston psyche ",0,0,0,0,1,0,0,0,0,0
530,those comments are perplexing,0,0,0,0,1,0,0,0,0,0
531,[NAME] looks queasy already I like where this is going,0,0,0,0,0,0,0,0,0,1
532,Daaaaang I bet he had a headache after that,0,0,0,0,0,1,0,0,0,0
533,Not my sub not my problem,0,0,0,1,0,0,0,0,0,0
534,You’re not the police,0,0,0,1,0,0,0,0,0,0
535,Good. Now we just need people to dislike commies more than they do now,1,0,0,0,0,0,0,0,0,0
536,It's kinda odd that people are downvoting you without providing well-sourced counter-arguments to the points you're making.,0,0,0,0,0,0,1,0,0,0
537,"Not anymore, haven't heard of him in ages.",0,0,1,1,0,0,0,0,0,0
538,So. This is scary as fuck.,0,0,0,0,0,0,0,0,1,0
539,Now we play the waiting game.,0,0,0,0,1,0,0,0,0,0
540,An online poll that the Berners didn't manage to swarm? Color me shocked.,0,0,0,0,1,0,0,0,0,0
541,I would be like pay me than or I won’t do anything for you again!,0,0,1,0,0,0,0,0,0,0
542,How did U quit being obsessed? It’s my goal for 2019.,0,0,0,0,0,1,0,0,0,0
543,"my ex's favorite thing to do on psychs was eat, but i cant eat on psychs. she used to get so mad at me",0,0,1,0,0,0,0,0,0,0
544,This is like that SNL sketch. EDIT: For anyone wondering what I’m talking about.,0,0,0,0,1,0,0,0,0,0
545,I did this with [NAME] to troll my friend who drafted him in a dynasty league about making bad picks. 10/10 would do again,0,0,0,0,1,0,0,0,0,0
546,Good grief.,0,0,0,0,1,0,0,0,0,0
547,Hahaha how old are your sons? They're mixin' batches with your body wash hahaha,0,1,0,0,1,0,0,0,0,0
548,I had this insight too What is it called? Theres probably someone who already had this idea 800 years ago and wrote 7 books about it.,0,0,0,0,1,0,0,0,0,0
549,"Oh no! I'll check into it; there are transcripts available, but it isn't really the same thing, is it? ",0,0,0,1,0,0,0,0,0,0
550,What interests do you have?,0,0,0,0,0,1,0,0,0,0
551,OP and wife probably have other areas that are private. Sometimes it could be our dreams that even we don't dare speak aloud to ourselves.,1,0,0,0,0,0,0,0,1,0
552,That is one cute baby. I don’t think all babies are cute either. But this is a really cute baby.,0,1,0,0,0,0,0,0,0,0
553,Are you honestly being serious? I have a hard time believing that you can afford it,0,0,0,1,0,1,0,0,0,0
554,"While I love the brutality of Odyssey, my personal favorites were from Black Flag. ",0,0,0,0,0,0,0,0,1,0
555,Women don't get an ego boost from and don't enjoy sex with men they're ambivalent about.,0,0,0,0,1,0,0,0,0,0
556,39 conveniently isn’t 40. :/ I’d drop him but take a look at his drivers license first just to settle my curiosity.,0,0,0,0,0,1,0,0,0,0
557,"Lol, like I said, not everything is about you",0,0,0,0,1,0,0,0,0,0
558,If you read the comments above I mention my sources.,0,0,0,0,1,0,0,0,0,0
559,Student of the game. Amazing physical attributes and devastating punching power. Humble enough to take bits and pieces from legends,1,0,0,0,0,0,0,0,0,0
560,They’re disgusting people inside and out,0,0,0,1,0,0,0,0,0,0
561,Oh nice I have that one,1,0,0,0,0,0,0,0,0,0
562,[NAME] is my daddddyyy!!!! And I can’t be on this planet without her/him!!!!!,0,0,0,0,0,0,0,0,0,1
563,So [NAME] proved that they are not literally selling their workers into sex slavery. That's a pretty low bar!!,0,0,1,0,0,0,0,0,0,0
564,">the MESSAGE in the ad is absolutely positive (obviously), Are you sure that you understand the meaning of ""obviously""?",0,0,0,0,0,1,0,0,0,0
565,"If your significant other had sex with someone after getting drunk, you wouldn't consider that cheating?",0,0,0,0,1,0,0,0,0,0
566,"I'm not surprised at all considering, you know, buzzfeed ",1,0,0,0,0,0,0,0,0,0
567,Can these guys just pick a team in the AL and go there??,0,0,0,0,0,1,0,0,0,0
568,"yeah, fuck [NAME]",0,0,1,0,0,0,0,0,0,0
569,"Exactly. Its serious, but not serious enough for the NFL. And for the list i made, those People still play in the NFL after suspensions. ",0,0,0,0,1,0,0,0,0,0
570,I've definitely erected something in his honor but idk about a statue,0,0,0,0,0,0,0,0,0,1
571,I agree I think this version of pac has the biggest chance against floyd,1,0,0,0,0,0,0,0,0,0
572,Boomers ruined the world,0,0,1,0,0,0,0,0,0,0
573,"Thanks. And I suppose, but I think I gave up on justice. It’s too late. I just want revenge now.",0,0,0,0,0,0,0,0,0,1
574,"Fortunately for you, Racist [NAME] anticipated this when he added, ""Let the past die, kill it if you have to...""",0,0,0,0,1,0,0,0,0,0
575,AV is a system where if you vote for a loser you can change your mind and 'have another go'. That's the problem.,0,0,0,0,0,0,1,0,0,0
576,wanna high key low key high key slide into [NAME] DMs even though I'm literally distraught at him and [NAME] separating,0,0,0,0,1,0,0,0,0,0
577,How did anyone not know what this movie was? WE HAVE OUR OWN RELIGION.,0,0,0,0,1,0,0,0,0,0
578,"""Cute dog, what's his name?"" ""[NAME]"" ( ͡o ͜ʖ ͡o)",0,0,0,0,0,0,0,0,0,1
579,Yeah it helps me too but I still don't feel well rested the next day,1,0,0,0,0,0,0,0,0,0
580,"Yup, Telltale was good. Until 2016.",1,0,0,0,0,0,0,0,0,0
581,"We’d still have competing conceptions of the cool, so nothing would be solved.",0,0,0,0,1,0,0,0,0,0
582,But I do I still love him and he still loves me but he says im too immature,0,0,0,0,0,0,0,0,0,1
583,"He ""dies"" shortly after the inn, from a wound caused by the fight he had there. [NAME] just walks away from him.",0,0,0,0,1,0,0,0,0,0
584,We stick out in a crowd. You can run with it or hide from it. I love embracing it!,0,0,0,0,1,0,0,0,0,0
585,I am inexplicably excited by [NAME]. I get so excited by how he curls passes,0,0,0,0,1,0,0,0,0,0
586,Doesn't matter what we do. The announcers will trash the Wolves and praise the Lakers. I miss [NAME] and [NAME].,0,0,0,0,0,0,1,0,0,0
587,Niemi locked in holy fuck.,0,0,0,0,1,0,0,0,0,0
588,Apparently the Dodgers are still in the running for Realmuto.,0,0,0,0,1,0,0,0,0,0
589,"Oh [NAME], even if I had a bf I would be ashamed to have him do that for ",0,0,0,0,1,0,0,0,0,0
590,"Welcome to the club, fellow [NAME]!",0,1,0,0,0,0,0,0,0,0
591,Bee’s are cool,0,0,0,0,1,0,0,0,0,0
592,What are you basing this on?,0,0,0,0,0,1,0,0,0,0
593,Patriots need a scape goat cause it ain't going to be [NAME],0,0,0,0,1,0,0,0,0,0
594,I can relate to that. I cant stay focused enough. Concentration is hard yo,0,0,0,0,1,0,0,0,0,0
595,Thanks i really appreciate it.,0,0,0,0,0,0,0,0,0,1
596,The same as Unicorns to Leprechauns.,0,0,0,0,1,0,0,0,0,0
597,I'm sorry for that.,0,0,0,0,0,0,1,0,0,0
598,[NAME] is too gullible for his own good.... watch out [NAME] definitely not a friend too,0,0,0,1,0,0,1,0,0,0
599,Thanks! Do you think I should talk to her or drop it for now?,0,0,0,0,0,0,0,0,0,1
600,Can you blame us after the article?,0,0,0,0,1,1,0,0,0,0
601,I went there once and was like “yeah neat I guess” around the same time. Totally forgot about it until I saw the pic of the door,1,0,0,0,0,0,0,0,0,0
602,just bulk until you can control yourself again.,0,0,0,0,1,0,0,0,0,0
603,Never thought I’d see a comrade here,0,0,0,0,1,0,0,0,0,0
604,[NAME] was pretty dumb in s7,1,0,0,0,0,0,0,0,0,0
605,Or pay someone to take photos. It's very easy to have a cheap wedding if you are a choosing beggar.,0,0,0,0,1,0,0,0,0,0
606,Yeah I've noticed that. I probably give off Aspie traits to NTs but Aspie like traits bug me,1,0,1,0,0,0,0,0,0,0
607,that's like a kel'thuzad/kael'thas wet dream right there. Line them up for disgusting aoe XD,0,0,1,1,0,0,0,0,0,0
608,"Alright dude just fuck off ok, it's not the funniest thing on the internet but it did make me smile so in conclusion fuck you",0,0,1,1,0,0,0,0,0,0
609,Dance with the devil by immortal technique Honestly one of the most messed up rap songs they will ever hear.,0,0,1,0,0,0,0,0,0,0
610,"To be fair, actresses who are famous enough to be stopped on the red carpet get that question at almost any formal event they go to.",1,0,0,0,0,0,0,0,0,0
611,Funeral for a friend is a killer band.,1,0,0,0,0,0,0,0,0,0
612,"now that you say it, i can't unsee it...",0,0,0,0,1,0,0,0,0,0
613,[NAME] sounds so depressed,0,0,0,0,0,0,0,1,0,0
614,Dude the speed which the cop came running is amazing,1,0,0,0,0,0,0,0,0,0
615,I fucking love that scene.,0,0,1,0,0,0,0,0,0,0
616,Nope. I'd rather they fix their servers instead.,0,0,0,0,1,0,0,0,0,0
617,That’s a lazy argument. Racism can be defeated with good education and proper parenting but most people are too lazy to fight for it.,1,0,0,0,0,0,0,0,0,0
618,> You could probably argue that they'd be fine with giant steaks and BBQ Pretty sure I mentioned it.,0,0,0,0,1,0,0,0,0,0
619,"Peta killed a dog once, so peta is bad, so veganism is bad, so its ok to kill and eat billions of animals (including dogs)",1,0,0,0,0,0,0,0,0,0
620,I have silvered it as it was what I was thinking and they beat me to it hahaha,0,1,0,0,0,0,0,0,0,0
621,After [NAME] comment the stock prices fell and the [NAME] was never heard from again. Crab juice went up 4 points,0,0,0,0,1,0,0,0,0,0
622,Those subs ... wtf,0,0,0,0,1,0,0,0,0,0
623,Haha I was about to say damn she straight up eviscerated her in between bites.,0,1,0,0,0,0,0,0,0,0
624,Why did this get 100+ upvotes in 2 days?,0,0,0,0,1,0,0,0,0,0
625,What’s worse is that the judge and businessman are old college buds.,0,0,1,0,0,0,0,0,0,0
626,I’m The Avocado™️,0,0,0,0,0,0,0,0,0,0
627,thanks for the quick reply I am very bored. what anime do you like?,0,0,0,0,0,0,0,0,0,1
628,That 0.75 is not for the same job. It's looking at the totality of female salary vs male salary.,0,0,0,0,1,0,0,0,0,0
629,Most retarded vid I have seen in this sub. Bigger off.,0,0,0,0,1,0,0,0,0,0
630,"I’ve never been in love, haha. So I wouldn’t know.. thank you for this comment :)",0,0,0,0,0,0,0,0,1,1
631,Just got my nose pierced last week! So fun to have the freedom. :),0,1,0,0,0,0,0,0,1,0
632,Oh my [NAME]. The hand mixer instead of forks. Shredding poultry is like my least favorite thing on Earth,0,0,0,0,1,0,0,0,0,0
633,I have completely lost my voice this period. This has been an insane 11 minutes of play,0,0,0,1,0,0,0,0,0,0
634,"What do you mean, they're doing [NAME] work.",0,0,0,0,1,0,0,0,0,0
635,If they want to attack [RELIGION] they should be honest with the website title Imagine a [RELIGION] creating a website and calling it WikiChristianity and constantly attack [RELIGION].,0,0,1,1,0,0,0,0,0,0
636," I don’t give a F F the haters F all the haters Much love, no hate Machines within, machines within",0,0,1,0,0,0,0,0,0,0
637,I never said anything. I’m just cynical that change can happen when there is so much money on the line. Decisions are bought not made.,0,0,0,0,0,0,0,0,1,0
638,Because they pay into the EU we can't threaten to cut their allowance...,0,0,1,0,0,0,0,0,0,0
639,You're back but you're still broken.,0,0,0,0,1,0,0,0,0,0
640,Thank you. Its only applicable if its not in the customer's favor and if they follow other stipulations.,0,0,0,0,0,0,0,0,0,1
641,"well the irony is that felons are discriminated against, even non violent offenders.",0,0,0,0,1,0,0,0,0,0
642,"As someone with a newborn, thank you so much! Good tip to have for sure!",0,0,0,0,0,0,0,0,0,1
643,He's done nothing to earn trust either. He got ran out of Miami,0,0,1,0,0,0,0,0,0,0
644,"They already put extra seasoning to account for this, opening it upside down is just gonna give you super oily hands. ",1,0,0,0,0,0,0,0,0,0
645,"I teach in [RELIGION] school, too. Gotta love the *just and livable wages* the [RELIGION] Church talks about so much!",0,0,0,0,1,0,0,0,0,0
646,"Music and getting outside really helps me, even if I’m not sober. Cheers.",0,0,0,0,0,0,0,0,1,0
647,"No I mean those long winded nonsensical blabbering. Like the one with 300 confirmed kills, gorilla warfare. It is usually just to troll or annoy.",0,0,1,0,0,0,0,0,0,0
648,"Because they want to believe [NAME] is a man, despite them claiming that [NAME] is no man..?",0,0,0,0,1,0,0,0,0,0
649,"I wanted [NAME] so bad, but at least we got a cute character (little ticked about the scythe but, I'll still play her)",0,0,0,0,0,0,0,0,1,0
650,"[NAME] turned it into one, because they insisnt on being on the wrong side of history for every single god damn issue.",1,0,0,0,0,0,0,0,0,0
651,Just know that you are the man. Go Isles. Go Flames.,0,0,0,0,1,0,0,0,0,0
652,I guess I'm just too nice to people and I gotta learn to start sayin no.,0,0,0,0,0,0,0,0,1,0
653,It's practically non existent. Im mostly afraid to initiate a hug because I'm afraid I don't know/forgot how to hug.,0,0,0,0,0,0,0,1,0,0
654,The biggest cringe is actually all the people commenting she's a man,0,0,0,0,0,0,0,1,0,0
655,You’re a vile vile person and a rapist. I hope the police are onto you.,0,0,0,0,1,0,0,0,0,0
656,"The best feeling ever was when class was over and it never got to your turn, so you didnt have to present until the next day",0,0,0,0,0,0,0,0,1,0
657,Well then you obviously have no fucking clue what equality means.,0,0,1,0,0,0,0,0,0,0
658,How’d you film this and what type of microscope/camera did you use? This is great!! Thank you for creating and sharing.,1,0,0,0,0,1,0,0,0,1
659,Cool! Tell me more about yourself---PM me if you're more comfortable.,1,0,0,0,0,1,0,0,1,0
660,That’s her way of saying you aren’t getting the job,0,0,0,0,1,0,0,0,0,0
661,You always choose mum bro. What are you thinking,0,0,0,0,0,0,1,0,0,0
662,"I didn't say ""do it for the children,"" but I understand if reading isn't a strong suit for you.",1,0,0,0,0,0,0,0,0,0
663,Hello fellow Newcastle vegans! We are very lucky to have so many vegan places!,0,0,0,0,0,0,0,0,0,1
664,You his SO?,0,0,0,0,1,0,0,0,0,0
665,Valid. I think we mentioned in the Discord that exact point the other day.,0,0,0,0,1,0,0,0,0,0
666,BRING BACK NITARA,0,0,1,0,0,0,0,0,0,0
667,is that [NAME] fucking [NAME],0,0,0,0,1,1,0,0,0,0
668,You sweet summer child...,1,0,0,0,0,0,0,0,0,0
669,"You know it doesn't use the word ""boycott"" at all, right?",0,0,0,0,0,1,0,0,0,0
670,What the heck did I just watch,0,0,0,1,0,0,0,0,0,0
671,"""...after the ear grew back..."" Wait. What?",0,0,0,0,1,1,0,0,0,0
672,You have to try really hard to get banned on this sub.,0,0,0,0,1,0,0,0,0,0
673,"Right on [NAME] having a big year, but [NAME] was super disappointing this year.",0,0,0,0,0,0,1,0,0,0
674,You must!!,0,0,0,0,1,0,0,0,0,0
675,"Yeah. You wanna call me a liar, explain why, liar.",0,0,0,0,0,1,0,0,0,0
676,This can’t be a thing. Is this a thing? It needs to be a thing.,0,0,0,0,1,0,0,0,0,0
677,"No, not related to [NAME]. I forget where we found it. It was in some legal documentation on WISDOJ (I think).",0,0,0,1,0,0,0,0,0,0
678,Thanks for the advice I really appreciate it and I hope you're doing better now!,0,0,0,0,0,0,0,0,0,1
679,This is really cool and well made!,1,0,0,0,0,0,0,0,0,0
680,Downvoted because I stated facts ok...,1,0,0,0,0,0,0,0,0,0
681,"Yeah, neither of them are communists. [NAME] is a left-leaning [NAME] and [NAME] is a [NAME]",1,0,0,0,0,0,0,0,0,0
682,Make fun of them all you want; fact is they won during the regular season when we couldn't.,0,1,0,0,0,0,0,0,0,0
683,"Well, that’s not a position many conservatives hold except for the [NAME], but I appreciate the honesty.",1,0,0,0,0,0,0,0,1,0
684,INJECT A GIF OF BASTIAN NODDING IN SATISFACTION FROM THE BOX INTO MY VEINS,0,0,0,0,1,0,0,0,0,0
685,False false false It's about having a good group of friends to go out with and knowing the right places to go to meet new people.,0,0,0,1,0,0,0,0,0,0
686,"Ah, this may explain all the untimely heart attack deaths we hear about for those who opposed the state or whatnot ",0,0,0,0,0,0,1,0,0,0
687,to be fair it wouldnt be bad living there since its normal to have giant shoes so its a win basically^^,0,0,0,0,0,0,0,0,1,0
688,"Since I was a kid I knew I preferred funny, smart, interesting girls to conventionally attractive ones. Really tore me up the feeling wasn't mutual.",0,0,0,0,0,0,1,0,0,0
689,Good one on ya orisa. Watch that devil [NAME] cry,0,0,0,0,0,0,0,0,0,0
690,"What episode is this. You know, for a friend...",0,0,0,0,1,0,0,0,0,0
691,Can confirm. All my friends in cork always do it while I get stuck waiting.,0,0,0,0,1,0,0,0,0,0
692,Got damn look at that body,0,0,0,0,1,0,0,0,0,0
693,SE 89th just north of Brooklyn St is one of the worst I've driven.,0,0,0,0,0,0,1,0,0,0
694,I want my Thick Blood feat to actually say “F*CK YOU” every time I deny a Peacekeeper their bleed damage.,0,0,1,0,0,0,0,0,0,0
695,Still makes no sense how [NAME] beat corrupted [NAME] while [NAME] and [NAME] couldn't beat his normal version,0,0,0,0,1,0,0,0,0,0
696,Nice find!,1,0,0,0,0,0,0,0,0,0
697,It does make sense... I've always had a hard time opening up and I'm worried that that's what's really been holding me back ultimately,0,0,0,0,0,0,0,0,1,0
698,I did not even realize he was injured...,0,0,0,0,1,0,0,0,0,0
699,"Girls be you, Guysndont care about it. Be youand things may go well",0,0,0,0,1,0,0,0,0,0
700,I wish everything the I was going through was a hallucination,0,0,0,0,0,0,1,0,1,0
701,"My favorite pod when they are fresh & clear. Sadly, all of my recent packs look like dark brown syrup pods. ",0,0,0,0,0,0,1,0,0,0
702,i guess you must eat filets and lobster at all your parties haha,1,1,0,0,0,0,0,0,1,0
703,At least she can't use the old thyroid problems excuse for her fatness,0,0,0,0,1,0,0,0,0,0
704,[NAME] damn I love [NAME].,0,1,0,0,0,0,0,0,0,1
705,"No, she's standing in the water after she pees.",0,0,0,0,1,0,0,0,0,0
706,You and me both.... Production of reality tv is where its *at*!!! 😂😂😂 (sarcasm) ,0,0,0,0,0,0,0,0,0,0
707,"I've actually been teaching myself R lately for this exact purpose, I'm super excited to check out your book when you're done with it. ",0,1,0,0,0,0,0,0,0,0
708,Yeah what a great sport!,0,0,0,0,1,0,0,0,0,0
709,I love seeing the crowd's reaction to that every away game.,0,0,0,0,0,0,0,0,0,1
710,And I feel [NAME] in this Chili's tonight!,0,0,0,0,0,0,0,0,0,1
711,"That's what you get when you stretch a series for too long.... ""Ohhh gee....welp.... another one.....""",0,0,0,0,0,0,0,0,0,0
712,I mean he ended his “I don’t want drama” rant on instagram plugging his album so it makes sense 😂,0,1,0,0,0,0,0,0,0,0
713,Or Not my policy *Gets beaten up*,0,0,0,0,0,0,0,0,0,0
714,One of the very few individuals to survive a shot to the head. Very unfortunate since he had a couple of more good years ahead of him.,0,0,0,0,0,0,1,0,0,0
715,"Realistically speaking, if they were on a VGBC channel, [NAME] would give them a nickname whenever they were on stream, and that would eventually catch on.",1,0,0,0,0,0,0,0,0,0
716,I do this but but feel better in the end because I use it for procrastination. It's a weird combinational to feel better and worse while cleaning.,0,0,1,0,1,0,0,0,0,0
717,😂😂😂 YES and she fired all her bridesmaids because they didn't text her to ask if she was excited that her wedding was a week away,0,0,0,0,1,0,0,0,0,0
718,And guided by a universe determined to teach that kid a lesson.,0,0,0,0,1,0,0,0,0,0
719,You must have depression and anxiety.,0,0,0,0,0,0,1,0,0,0
720,I’ve had to remove fallen trees on snowy roads because the forest service is not working as much. Shits a little fucked.,0,0,1,0,0,0,0,0,0,0
721,She did that on purpose look at her feet shift over before she throws the punch.,0,0,0,0,1,0,0,0,0,0
722,Finally! Somebody who legitimately hates planet Jupiter!,0,0,0,0,0,0,0,0,1,0
723,No it’s true. However it is time to rethink how we recycle clothing in cities and the elimination of donation bins is step one.,0,0,0,1,0,0,0,0,0,0
724,She has a PINK semi?? Wow! Impressive!,1,0,0,0,0,0,0,0,0,0
725,"[NAME], [NAME], [NAME], [NAME] and one of [NAME] or [NAME]. But I’m pretty sure all of [NAME] is under contract forever if that matters",0,0,0,0,1,0,0,0,0,0
726,"Jeter been enjoying the Miami nightlife a little too much maybe, dulled his senses. ",0,0,0,0,0,0,0,0,1,0
727,"Since it’s a commercial truck, the driver probably has a CDL.",0,0,0,0,1,0,0,0,0,0
728,"She is probably a lot regarding [NAME], but I think they should have, but it still does a solo lsfyl to neon lights and loses.",0,0,0,0,1,0,0,0,0,0
729,"You’re looking at clocking out of work two hours after you should have been finished, lol.",0,1,0,0,0,0,0,0,0,0
730,"Look into BRI countries, pretty strong overlap with them would be my guess. ",0,0,0,0,1,0,0,0,0,0
731,"""And then I apologized and expressed remorse over the situation"" ",0,0,0,0,0,0,1,0,0,0
732,"Honestly don't know why they are still working so hard on this trade, really need another starter.",0,0,0,0,1,0,0,0,0,0
733,That would be cool too!,1,1,0,0,0,0,0,0,0,0
734,Would anyone actually pay close to $100? And how difficult would it be to do this?,0,0,0,0,1,0,0,0,0,0
735,*Hey just noticed..* it's your **1st Cakeday** aerosvision! ^(hug),0,1,0,0,0,0,0,0,0,0
736,That arena announcer is irritating.,0,0,1,0,0,0,0,0,0,0
737,"It's a dumb and harmful thing, when you invite people because of their race and sexual orientation over qualifications and skill",0,0,0,1,0,0,0,0,0,0
738,Same. About as Libertarian as fucking [NAME].,1,0,1,0,0,0,0,0,0,0
739,BUT WHY IS THE FELLOW HUMAN SHOUTING?,0,0,1,0,0,0,0,0,0,0
740,wow even the buildings on the poster haven't loaded in,0,0,0,1,0,0,0,0,0,0
741,"it's not up to the drivers, its up to the owner. Owner doesn't have to drive in the ice.",1,0,0,0,0,0,0,0,0,0
742,"White, yellow, green, purple, red, from worst to best. Ranks go from 20-1, 1 as the best, 20 as the worst.",0,0,0,0,1,0,0,0,0,0
743,"Damn, she was gonna clobber that punk with the butt of that gun.",0,0,0,0,0,0,1,0,0,0
744,Have you been to one before? If so what is your experience with it? I’m nervous as hell,0,0,0,0,0,1,0,1,0,0
745,Thanks!! :),0,0,0,0,0,0,0,0,0,1
746,I found it using Guide to Purposeful Success. Hope it can help you the way it helped me!,0,0,0,0,0,0,0,0,0,1
747,"It doesn't cost money to organize. It costs time, effort and concern for your country.",0,0,0,1,0,0,0,0,0,0
748,I've always wanted to eat Youngstown State's mascot,0,0,0,0,0,1,0,0,0,0
749,It’s fake,1,0,0,0,0,0,0,0,0,0
750,Wow. You should actually delete your account.,1,0,0,0,0,0,0,0,1,0
751,Not gonna lie I’m pretty out of it for New Years so I probably knew-jerked more than necessary. Happy New Years my man!,0,0,0,0,0,0,0,0,0,1
752,"Wow, what a find. The store actually began clapping",1,0,0,0,1,0,0,0,0,0
753,"those pictures of [NAME] are real, he's on Crashing and the way he looked in the premiere was just awful.",0,0,0,0,1,0,0,1,0,0
754,Nothings better then 2 teams that know exactly wut happend/parents that saw the game two coaches and a ref no good lawyer needed rlly just those people to talk,1,0,0,0,0,0,0,0,1,0
755,She is only good if a team has good communication. (And this is a ~600hr sombra main saying this.),0,0,0,0,1,0,0,0,0,0
756,That was [NAME] not Slacked.,0,0,0,0,1,0,0,0,0,0
757,"Work on the pitching, that was a weakness of the team last season.",0,0,0,0,0,0,0,0,0,1
758,Deep blue eyes look weird to me. The rest seems pretty good.,1,0,0,0,0,0,0,1,0,0
759,You cant.Its the idiot civilian drivers fault for probably just staying behind him like a zombie. Unless they come out with heated trailers soon.,0,0,1,0,0,0,0,0,0,0
760,"He’s such a little bitch, impossible to like",0,0,1,0,0,0,0,0,0,0
761,Omg! There's one in every family. And every classroom.,0,0,0,0,1,0,0,0,0,0
762,"Andromeda is that type of game that has extreme potential in becoming a great game, but it botched it in all the little things.",1,0,0,0,0,0,0,0,0,0
763,"Not in Tuscaloosa, it's been a looooong time since that happened (1926)",0,0,0,0,1,0,0,0,0,0
764,> its just there to make people uncomfortable and force a tip. No one working there really expects a tip in the first place.,0,0,0,0,1,0,0,0,0,0
765,"Yes of mine worry, no one liked mine either. ",0,0,0,0,0,0,1,0,0,0
766,Combination of lapses in defense and the continuing saga of the Sabres' god awful PP.,0,0,0,1,0,0,0,0,0,0
767,Bless your dim-witted heart.,0,0,0,0,0,0,0,0,0,1
768,YES they all going in on LIEda,0,0,0,0,1,0,0,0,0,0
769,"I’m sorry, you just sound like one of those people who takes overwatch super seriously and has no life",0,0,1,0,0,0,0,0,0,0
770,Finally someone who appreciates human life,1,0,0,0,0,0,0,0,0,0
771,Love is a drug,1,0,0,0,0,0,0,0,0,0
772,Why was the discrimination and ghettoization of [NAME] prior to their extermination legal? Because legislators sometimes don't care for morality.,0,0,1,0,0,0,0,0,0,0
773,I bet she smells like a jar of mayo left open for a week in the summer,0,0,0,0,1,0,0,0,0,0
774,"I will admit I see why some people could hate him, but each to their own. ",0,0,0,0,1,0,0,0,0,0
775,"FaceTime actually sounds like a brilliant solution. I don't know why I didn't think of that, but I'm glad you did! ",1,0,0,0,0,0,0,0,1,0
776,Lol! Nope. Any muscle in your body will shrink if yiu dont use it.,0,1,0,0,0,0,0,0,0,0
777,Damn who died and gave u the Broncos,0,0,0,0,1,0,0,0,0,0
778,I know but for that one moment he was more than that guy who snuck in [NAME] room at night and wore his helmet,0,0,0,0,1,0,0,0,0,0
779,Did no one else notice your stroke?,0,0,0,0,1,0,0,0,0,0
780,"I like your version more, anyways. Better comedic relief from such a horribe tragedy.",0,0,0,0,0,0,0,0,0,1
781,Thanks I absolutely love it.,0,0,0,0,0,0,0,0,0,1
782,"No offense, but your parents are assholes.",0,0,1,1,0,0,0,0,0,0
783,"You haven't responded as to how its not just a parallel analogy, all said was he did",0,0,0,0,1,0,0,0,0,0
784,"I like [NAME]’ “I’m tired of losing, I’m not a loser”",0,0,0,0,0,0,1,0,0,1
785,on that real shit,0,0,0,0,0,0,0,0,0,0
786,Was there for a game v the lions in in 2016- WELL WORTH IT!,1,0,0,0,0,0,0,0,0,0
787,hmmm interesting... i guess your an interesting lady. PM me then. :),1,1,0,0,0,0,0,0,0,0
788,"Do not throw away your hair, fingernails or teeth because if you don't find them upon your death, you will regret it!",0,0,0,0,1,0,0,0,0,0
789,At least the repulsive sex scenes are helping me maintain my diet,0,0,0,0,0,0,0,0,1,0
790,I see it everyday!,0,0,0,0,1,0,0,0,0,0
791,A slum level flat with too many roommates.,0,0,0,0,1,0,0,0,0,0
792,> Humans are empathetic and do this daily. I have to remind myself of this sometimes.,0,0,0,0,1,0,0,0,0,0
793,And ALL of you will tune in next week because it’s the best trash TV ever created!,1,0,0,0,0,0,0,0,0,0
794,The 30 second new's watcher is still in a far better place to judge *their own interests* better than you or anyone else.,0,0,0,0,1,0,0,0,0,0
795,Maybe you were depressed because your place was a mess.,0,0,0,0,0,0,1,1,0,0
796,Yes. Combined.,1,0,0,0,0,0,0,0,0,0
797,"Wait, they banned his mother from travelling too? ",0,0,0,0,0,0,1,0,0,0
798,But half of the money they made belongs to her.,0,0,0,0,1,0,0,0,0,0
799,Not even slightly.,0,0,0,0,1,0,0,0,0,0
800,Mmmm that delicious karma :3,0,0,1,0,0,0,0,0,0,0
801,"Alright bud, I'll be sure to do that on my nearest panic attack. Cheers",1,0,0,0,0,0,0,0,0,0
802,"Yup, he's still one of the strongest turtles in the game though. Eventually you're gonna have to attack.",1,0,0,0,0,0,0,0,0,0
803,He isn't always. But right now. Shoot the ball whenever you want Young blood. Go head.,0,0,0,0,1,0,0,0,0,0
804,I wish that laugh would jump off,0,0,0,0,0,1,0,0,1,0
805,Is his face always derp or is he just uncomfortable? Because I rarely see a pic of him where he doesn't have some kind of derpy facial expression,0,0,0,0,0,1,0,0,0,0
806,"I want an autographed copy of this, framed and on my wall. ",1,0,0,0,0,0,0,0,0,0
807,Don't think we should be stomping all over people's bodily autonomy just so public health authorities can declare victory.,0,0,0,0,0,0,0,0,1,0
808,I can't tell if this is satire of not. It's got this whole [NAME] and [NAME] dad rock vibe going on.,0,0,0,0,1,0,0,0,0,0
809,I enjoy fixing problems. I think of it as a task that I can achieve. People get to overworked when they set too unreachable goals.,0,0,0,0,0,0,0,0,1,0
810,[NAME] is my least favorite out of all of [NAME] love interest (In all live action movies) Bite me.,0,0,0,0,0,0,0,0,0,1
811,If they hadn’t played the Vikings in SBIII it’s a guarantee they would’ve lost,0,0,0,0,1,0,0,0,0,0
812,"Thank you, I hope you do too. You can always message me if you need to talk.",0,0,0,0,0,0,0,0,1,1
813,"Huh... interesting. Man, russia sure is pressing its borders out. Almost like it's looking for operating bases.",0,0,0,0,1,0,0,0,0,0
814,I was going to say this... he endangered your health,0,0,0,0,1,0,0,0,0,0
815,Might as well do something while you're doing nothing!,0,0,0,0,0,0,0,0,1,1
816,I'd almost rather a criminal have a gun than this guy.,0,0,0,0,0,0,0,1,0,0
817,Why it's bad for a union rep to be siding with ownership in the middle of a contract dispute on Twitter of all places?,0,0,0,0,0,1,0,0,0,0
818,You live in a wonderful fantasy world where all the students will pretend they are not adolescents with raging hormones. Charming.,1,0,0,0,0,0,0,0,0,0
819,"Yeah, this guy actually seems quite smart. (But a horrible and manipulative person)",1,0,0,0,0,0,0,1,0,0
820,*ads even more trashier,0,0,0,1,0,0,0,0,0,0
821,Bring back [NAME] and [NAME] or Admin 2: Electric Boogaloo will be non existent,0,0,0,0,0,0,1,0,0,0
822,"Thank-you very much, your comment is greatly appreciate.",0,0,0,0,0,0,0,0,0,1
823,The black beans were there hidden within the rice!! :) gotta love those legumes,0,0,0,0,0,0,0,0,0,1
824,They won’t find my house once it’s painted in go-away green...,0,0,0,0,0,0,0,0,1,0
825,That’s something I hadn’t considered. I’ll do just that. Thank you!,0,0,0,1,0,0,0,0,0,1
826,>fabricated moral high ground The irony of saying that as everyone here jerk's themselves off to a meme,0,0,0,0,1,0,0,0,0,0
827,WHAT A TWIST!!,0,0,0,0,1,0,0,0,0,0
828,I am serious. I have no idea what they were prior to a few days ago.,0,0,1,0,0,0,0,0,0,0
829,EWWW yes. This makes me shudder. All wet and gross.,0,0,0,0,0,0,1,1,0,0
830,"The balance above the base fee gets put somewhere else. Education, healthcare, etc. Voila, police aren't biased, people are proportionally fined. ",1,0,0,1,0,0,0,0,0,0
831,"Good. The US is behaving shamefully, the least Canada can do is to try and pick up a little of the slack. ",0,0,1,0,0,0,0,0,0,1
832,It's harder to find a decent picture of him,0,0,0,0,1,0,0,0,0,0
833,"An indie rock guy I loved used dialectics to explain his songwriting process, it was weird.",1,0,0,0,1,0,0,0,1,0
834,I arbitrarily hate poo-lice Get OUT OF MY POO,0,0,1,0,0,0,0,0,0,0
835,That’s my favorite insult ever,0,0,0,0,0,0,1,0,0,0
836,Poor dva keeps getting nerfed because she works well with every comp.,0,0,0,0,0,0,1,1,0,0
837,"I reject that [NAME] can't defend. Now his legs being gone, that might ""have legs"" ",0,0,0,1,0,0,0,0,0,0
838,"I thought it was his nose sliced off, got confused when I didnt see any blood",0,0,0,0,1,0,0,0,0,0
839,That right hand sent our dad flying across the cage. Lol,0,1,0,0,0,0,0,0,0,0
840,You're* Stay in school lol,0,0,0,0,0,0,0,0,0,1
841,I'm on my legal age and he's my second partner. I wil try to find more about it...,1,0,0,0,0,0,0,0,0,0
842,My family voted for the Qualified Woman who was going to keep this country moving forward. So I don't have to worry about disownment :),0,0,0,0,0,0,0,0,1,0
843,just ban everything!,0,0,1,0,0,0,0,0,0,0
844,> least I immagine most bi people don’t care. No we do care.,0,0,0,0,0,0,0,0,0,1
845,"Sorry, didn't realise I had to mollycoddle your feefees. ",0,0,0,0,0,0,1,0,0,0
846,The worst thing is when you find it in a place you know you looked first.,0,0,1,0,0,0,0,0,0,0
847,"I mean, I’m an occasional monarchist myself. That doesn’t mean I’m under some delusion that it’s a fix all.",0,0,0,1,0,0,0,0,0,0
848,[NAME]: you lied to me.... I thought we were soul mates _blows up the building_ Or something along those lines,0,0,0,0,1,0,0,0,0,0
849,He was a bony old bastard and probably jealous of their big cat energy.,0,0,1,0,0,0,0,0,0,0
850,That's *a* puppy. Unclear if it's *her* puppy...,0,0,0,0,0,0,0,0,0,0
851,"Thanks for the suggestion, I’ll definitely have to hit that up once it gets a little warmer!",0,0,0,0,0,0,0,0,0,1
852,I’m slowly starting to get excited about what we will do with the draft pick(s?) they will most likely get in a trade,1,0,0,0,0,0,0,0,0,1
853,Sorry to be the bearer of bad tidings.,0,0,0,0,0,0,1,0,0,0
854,Merrily merrily merrily merrily something something scream... (I am not creative),0,1,0,0,0,0,0,0,1,0
855,I like [NAME] as a person I just don’t want to see or hear any sexy times between her and [NAME].,0,0,0,0,0,0,1,0,0,0
856,"Wow, I drive full time Uber and I thought there was something wrong with my eyes in the rain. Do other people struggle to see the Lines?",0,0,0,0,1,0,0,0,0,0
857,Thanks! We had fun.,0,0,0,0,0,0,0,0,1,1
858,I would make that face too if I just realized I was HC of the New York Jets,0,0,0,0,0,1,0,0,0,0
859,Good bot!,0,0,0,0,1,0,0,0,0,0
860,...and that's the second time I got crabs.,0,0,0,0,1,0,0,0,0,0
861,I did this with [NAME] to troll my friend who drafted him in a dynasty league about making bad picks. 10/10 would do again,0,1,0,0,0,0,0,0,0,0
862,new genders about to drop doesn’t strike me as a bad joke tbh.,0,0,1,1,0,0,0,0,0,0
863,"Horrible day for the show. Everyone is dying, someone put [NAME] in a bubble!",0,0,0,0,0,0,0,1,0,0
864,Wow these are amazing,1,0,0,0,0,0,0,0,0,0
865,I’m always weirded out whenever I see him without a beard because in my game I got the longest beard I could,0,0,0,0,1,0,0,0,0,0
866,Pretty sure he's by far and away the biggest asshat on this sub lmao,1,0,0,0,0,0,0,0,0,0
867,"""five minutes of fame""... [NAME] lmao. Ok, whatever u say kid.",0,1,0,0,0,0,0,0,0,0
868,"yeah, there's even more registered online. scary.",0,0,0,0,0,0,0,1,0,0
869,"Its horrifying to think about getting separated from your family, friends and the culture you were living into somewhere new and unfamiliar just like that",0,0,0,0,0,0,0,1,0,0
870,That kid is beautiful,1,0,0,0,0,0,0,0,0,0
871,“40 lbs of fat” yeah 40 lbs of fat and a shit load of plastic surgery maybe,0,0,0,0,1,0,0,0,0,0
872,That's what I was wondering too.,0,0,0,0,1,0,0,0,0,0
873,Ha congrats!,0,0,0,0,1,0,0,0,0,0
874,None of which should provoke unprofessional behavior.,0,0,0,1,0,0,0,0,0,0
875,dude different folks different strokes. don’t kill my buzz bro. happy new years!!!,0,0,1,0,0,0,0,0,0,0
876,I have died so I know something you don’t.,0,0,0,0,0,0,1,0,1,0
877,[NAME] always looks like he just got handed a test and he realized he studied all the wrong material.,0,0,0,0,0,0,0,0,1,0
878,"Yeah, I'm just saying it's too early to be writing off any candidates.",1,0,0,0,0,0,0,0,0,0
879,Good job ignoring [NAME].,1,0,0,0,0,0,0,0,0,1
880,Ah got it. Sounds like most CW shows (Smallville)..thanks for the heads up :),0,0,0,0,0,0,0,0,0,1
881,Prison is for poor people. No point in stopping someone from being productive,0,0,0,0,1,0,0,0,0,0
882,"The current way Boba works doesn't warrant his removal enough. [NAME] isn't technically broken, the way the target system works is.",0,0,0,0,1,0,0,0,0,0
883,"No, I'm anti racism.",0,0,0,1,0,0,0,0,0,0
884,I wasn’t considering potatoes in the discussion or else it’s a clear number 1. Are potatoes vegetables?,0,0,0,1,0,0,0,0,0,0
885,Prayers for Dipo you guys. Just had a gruesome injury,0,0,0,0,0,1,0,0,0,1
886,I remember that one. It was so painful to watch,0,0,0,0,0,0,1,0,0,0
887,oh my gooooood,0,0,0,0,1,0,0,0,0,0
888,"I second that. What goes up must come down. And to OP, i hope you find peace and clarity. Good luck!",0,0,0,0,0,0,0,0,1,0
889,Burn it!,0,0,0,0,0,0,0,0,0,0
890,"Do you mean a ""theocracy""?",0,0,0,0,1,0,0,0,0,0
891,5 days?!? But I'm mad now!,0,0,0,0,1,0,0,0,0,0
892,"Liberal circlejerk “ o ya those conservatives suck” 10,000 upvotes",0,0,0,0,0,0,0,0,0,0
893,"Abso-goddamn-lutely. It’s the only thing I can think of that can make otherwise rational people defend rape, murder, genocide and slavery. ",0,0,1,0,0,0,0,0,0,0
894,Flair checking in! I love it when they don't change the template messages!,0,0,0,0,0,0,0,0,0,1
895,Nets well run? Should I being bring up the trade?,0,0,0,0,0,1,0,0,0,0
896,Literally arrived last week solo. You can use Hellotalk to meet people or go to social events on,0,0,0,0,1,0,0,0,0,0
897,Love the new intro song.,0,0,0,0,0,0,0,0,1,1
898,"Do you have a link? I never saw the video, I only heard about it",0,0,0,0,0,1,0,0,0,0
899,Worst father ever award?,0,0,0,0,1,0,0,0,0,0
900,Yes what the fuck is going on here,0,0,1,1,0,0,0,0,0,0
901,"Can confirm, I have 2 (but be careful as you may still be allergic to their saliva)",0,0,0,0,0,0,0,0,1,1
902,I went to the exhibit in Chicago some years ago. It’s absolutely stunning,1,0,0,0,0,0,0,0,0,0
903,Yes I do mean it positively and I have used a sous vide and it does come out looking rare,1,0,0,0,0,0,0,0,0,0
904,I wonder if that child puts it on his resume.,0,0,0,0,1,0,0,0,0,0
905,The man comes around,0,0,0,0,1,0,0,0,0,0
906,"Because it contains the nudity of a child, and that is a federal crime?",0,0,0,0,1,0,0,0,0,0
907,To be fair he did apologize for that one after he learned what Pride was really about but I still wouldn’t recommend going near his Twitter anymore,0,0,0,1,0,0,0,0,0,0
908,Yes! I started it off on a lie! And?,0,0,0,0,0,1,0,0,0,0
909,"That's gonna be a no from me, dawg.",0,0,0,0,1,0,0,0,0,0
910,You should take the time and go to the doctor.,0,0,0,0,0,0,0,0,0,1
911,"No that's plenty, you've already proved the original comments point even further.",1,0,0,0,0,0,0,0,0,0
912,[NAME] is seriously in the top 5 best female characters ever written for TV.,0,0,0,0,1,0,0,0,0,0
913,"Yeah. Unless you live in a desert, ditch the scarcity mindset. It can keep you in relationships that aren't any good.",1,0,0,0,0,0,0,0,0,0
914,It looks kind of like pen to me... Which would also make her skin so red.,0,0,0,0,1,0,0,0,0,0
915,I knew this was coming! Amazing!,1,0,0,0,0,0,0,0,0,0
916,God damn!! Awesome for [NAME]. [NAME] and [NAME] is such a great combo.,1,1,0,0,0,0,0,0,0,0
917,"Hey, you ever watch the sopranos before?",0,0,0,0,1,0,0,0,0,0
918,I mean if she wants to create change has she considered changing her whole personality and just being quiet,0,0,0,0,1,0,0,0,0,0
919,[NAME]’ ego has turned him into such a bully. He seems to get off lately on witch-hunting and encouraging his “sisters” to harass people.,0,0,1,1,0,0,0,0,0,0
920,Don’t let them get you down man. Nothing wrong with a cozy night at home by yourself.,0,0,0,0,0,0,0,0,0,1
921,"Holy hell, that sub is nice.",1,0,0,0,0,0,0,0,0,0
922,Those subs ... wtf,0,0,1,0,0,0,0,0,0,0
923,He looks like bob saget,0,0,0,0,1,0,0,0,0,0
924,But people already know I'm weird.,0,0,0,0,0,0,1,0,0,0
925,This made me sad. I hope you find happiness.,0,0,0,0,0,0,1,0,1,0
926,"To be fair, you have to have a staggeringly high IQ to understand the Dead Parrot Sketch.",0,0,0,0,1,0,0,0,0,0
927,"> and the top 20% of wealthiest [NAME] own 92% of stock Well, I hope they had a wonderful December, then.",0,0,0,0,1,0,0,0,0,0
928,It's hard to respect them as an organization when we hear shit like this. They will struggle as a franchise to win another WS anytime soon.,1,0,0,0,0,0,0,0,0,0
929,"Not sure, but if so that is unfortunate. I really liked their cheese bomb deep dish. =[",0,0,0,0,0,0,0,0,0,1
930,Shotgun! But do I get to play with all the buttons too?,0,0,0,0,1,0,0,0,0,0
931,"To be fair, we’re still missing CP3 and [NAME]. This game has been pretty ugly overall though. ",1,0,0,0,0,0,0,0,0,0
932,The EPA allowed DuPont to use a chemical that literally kills people in their nonstick pans. They can be bought too unfortunately.,0,0,0,0,1,0,0,0,0,0
933,I don't think that makes for a fair deal. That $100 is far more valuable. It's more of a disposable income thing for me.,0,0,0,0,1,0,0,0,0,0
934,"This isn't really petty, it's actually brutal. *edit* but well done. I love it!",0,0,0,0,0,0,0,0,0,0
935,"Oh, he isn't dead, [NAME] ",0,0,0,0,1,0,0,0,0,0
936,"If you want to live the dream, good luck! I won’t change my mind until I get my stolen ETH back from them ",0,0,1,0,0,0,0,0,0,0
937,Then I can't help you... My wife only likes them hardboiled and I don't eat them so never bothered to learn :p,0,0,0,0,0,0,0,0,0,0
938,OMG I totally forgot about that episode. What a nightmare,0,0,0,0,1,0,0,0,0,0
939,That has to be the saddest nba account ever. Like 4 likes every post :(,0,0,0,0,0,0,1,0,0,0
940,Oh I missed that part. So the cheeky poster was referring to that crash. ;0,0,0,0,0,0,0,1,0,0,0
941,Then please post the story here. I don’t go to links I don’t know. 😐,0,0,0,0,1,0,0,0,0,0
942,"Id be glad, I used to take those off when I was a kid. I dont want brightly colored rocks in my brownie",0,0,0,0,1,0,0,0,0,0
943,How do you know of this? Also dont spoil for me I'm looking forward to the new episodes.,0,0,0,0,0,1,0,0,0,0
944,"Hey guys don't freak out but Widow has a POISON MINE, ikr I never knew it existed. I was too busy missing body shots.",0,0,0,0,1,0,0,0,0,0
945,"Hmmm, this may be the one Friday evening in which reservations are easy to obtain... ",0,0,0,0,1,0,0,0,0,0
946,shadaha and the faith in your heart is enough to be [NAME]. also dont forget to repent. welcome back!!,0,1,0,0,0,0,0,0,0,0
947,"Sorry, I would like your comment, but it's at 666. And I just can't bring myself to change that.",0,0,0,0,0,0,1,0,0,0
948,deserved better :/,0,0,0,0,1,0,0,0,0,0
949,This is the most perfect thing I've ever seen. So many layers,1,0,0,0,0,0,0,0,0,0
950,Wow there a lot to choose from for 10 bucks or less too,0,0,0,0,1,0,0,0,0,0
951,I'm really concerned for those 3200'ish people who voted yes,0,0,0,0,0,0,0,0,0,1
952,Not shocked by the subs [NAME] is active in...,0,0,0,1,0,0,0,0,0,0
953,"They do, however this is a TRAFFIC unit that focus' on TRAFFIC offences. Ice dealers are more of a detective / taskforce job.",0,0,0,0,0,0,0,0,1,0
954,hello im bipolar 2 the fun kind,0,1,0,0,0,0,0,0,0,0
955,If I may ask what was the deal breaker for you? Did you stay in contact after the breakup? How much time did you need to heal?,0,0,0,0,1,0,0,0,0,0
956,Yeah but who’s to blame when you are put into a seemingly meaningless game when all you care about is one rank. Bad system.,0,0,0,0,0,0,1,0,0,0
957,"Yeah, look at the publicity for just that. ",0,0,0,0,1,0,0,0,0,0
958,Then you need to wake up because that's simply not the case. Whatever you say though,0,0,0,0,0,0,1,0,0,0
959,"[NAME] is the type of point guard the Magic need. Efficient scorer, fast slasher, and great court vision.",0,0,0,0,1,0,0,0,0,0
960,"Hahaha, ok. I was worried there for a second....",0,1,0,0,0,0,0,1,0,0
961,Feb 2nd you reset to zero so call in today to make sure you are healthy call it a health day.,0,0,0,0,1,0,0,0,0,0
962,*losing hope Loose is what your mom is,0,0,0,0,0,0,1,0,0,0
963,How generous :) you must really make them happy. Good on you for that,1,0,0,0,0,0,0,0,1,0
964,"But what about teams like the cavs? They are clearly a terrible terrible team, but they gotta wait longer to rebuild with a 3 year average.",0,0,0,0,0,0,1,0,0,0
965,"I swear, I don't know where the bombs are! Only the miners know that!",0,0,0,1,0,0,0,0,0,0
966,Well it would be a man telling a man with no shame how to dress...,0,0,0,0,0,0,0,1,0,0
967,Let's see what [NAME] thought about it...,0,0,0,0,0,1,0,0,0,0
968,Who would have thought ! I'm glad he didn't shoot someone on his way down !,0,0,0,0,0,0,0,0,0,1
969,"The only term I really use is “sis” for effect, imo referring to a guy as “she/her” is a little weird to me ",1,0,0,0,0,0,0,0,0,0
970,"Oh she'll most probably die in that route for sure. I just hope she doesn't get a lame death, that's all",1,0,0,0,0,0,0,0,0,0
971,He dropped the child down a flight of steps??? WHAT ??!!,0,0,0,0,0,1,0,0,0,0
972,This is the most fucking sensible comment I have seen in the this subbredit. Have the exact same opinion.,1,0,0,0,0,0,0,0,0,0
973,"And trying to take [NAME] gun away. 😩 Like really people, it's his weapon, find yourself one and stop trying to teach him better",0,0,1,1,0,0,0,0,0,0
974,Actually it's quite hard to decide without a proper reason. Under what circumstances do we have to do that?,0,0,1,0,0,0,0,0,0,0
975,I wanna hug my mom dead named me waking me up for school,0,0,0,0,0,1,1,0,0,0
976,I'm so sorry,0,0,0,0,0,0,1,0,0,0
977,One of my favorite war movies ever. The cast and soundtrack are unbelievable,1,0,0,0,0,0,0,0,0,0
978,Oh no [NAME] bb what is you doin?,0,0,0,0,0,1,0,0,0,1
979,Correct them. It’s best to let them know the real you right from the beginning rather than later.,1,0,0,0,0,0,0,0,1,0
980,"Search results are indeed based on personal search history. The first result I get searching Canadian Soldiers is [NAME], haha",0,1,0,0,0,0,0,0,0,0
981,Poor [NAME] doesn't deserve that!,0,0,0,0,0,0,0,0,1,0
982,"Teachers today complain, but zero tolerance does prevent the whole bull-whip/beat-to-death scenarios.",1,0,0,0,0,0,0,0,0,0
983,This is getting out of hand! Now there’s two of them!,0,0,0,1,0,0,0,0,0,0
984,You admit to discrimination based on your personal criteria. Say no more.,0,0,1,0,0,0,0,0,0,0
985,I dont think she knows that once your body runs out of fat it starts eating your muscles and organs.,0,0,0,0,1,0,0,0,0,0
986,"I have very sharp eyes and chin, so when I frown I tend to look rather belligerent.",0,0,0,0,1,0,0,0,0,0
987,Your son went to school in a treehouse?,0,0,0,0,1,1,0,0,0,0
988,[NAME] I wish that was me.,0,0,0,0,0,1,0,0,0,0
989,"One of my coworkers made the wait list. Great guy, but yeah, it is a rich getting richer situation.",0,0,1,0,0,0,0,0,0,1
990,"Okay, this helps clarifies things more for me. Thank you!",0,0,0,0,0,0,0,0,0,1
991,"What is beautiful about this planet? Nature is cold, harsh and full of suffering and pain. There is nothing beautiful at all about it. ",0,0,1,1,0,1,0,0,0,0
992,Does anyone know if Thai courts tend to let off whitey?,0,0,0,0,0,1,0,0,0,0
993,Men don’t have it worse but at least society cares about women.,0,0,0,1,0,0,0,0,0,0
994,i bet her breath stinks,0,0,0,0,1,0,0,0,0,0
995,Wow you think 15 downvotes in Reddit from the YIMBY cult has any meaning? I didn't say anything pertaining to economics.,0,0,0,1,0,1,0,0,0,0
996,They react bad because they've been indoctrinated to see capitalism as the only way that works. Even if they're social democrats.,0,0,0,0,1,0,0,0,0,0
997,"It's a repost but this space is too kindness for a downvote, take care ",0,0,0,0,0,0,0,0,1,1
998,"Lol, how much XP you get for that?",0,1,0,0,0,0,0,0,0,0
999,"Though underwear would have made this less embarrassing, I wear it for a different reason. ",0,1,0,0,0,0,0,0,0,0
